Rank,Alumni_Salary,Total_Annual_Cost,Name,City,State,Public_Private,,Student_Population,Net_Price,Average_Grant_Aid,Acceptance_Rate,Undergraduate_Population,Average_ACT,,SAT_Lower,SAT_Upper,ACT_Lower,ACT_Upper,,Website,,,
1,146800,69600,Harvard University,Cambridge,MA,Private,,31120,6295,49870,5,13844,33.5,,1460,1590,32,35,,www.harvard.edu,,,
2,145200,69109,Stanford University,Stanford,CA,Private,,17534,6758,50134,5,8402,33.5,,1390,1540,32,35,,www.stanford.edu,,,
3,138300,71290,Yale University,New Haven,CT,Private,,12974,9131,50897,7,6483,33.5,,1460,1580,32,35,,www.yale.edu,,,
4,155200,67430,Massachusetts Institute of Technology,Cambridge,MA,Private,,11466,5687,43248,7,4680,34,,1490,1570,33,35,,web.mit.edu,,,
5,139400,66150,Princeton University,Princeton,NJ,Private,,8273,8737,48088,6,5659,33,,1430,1570,31,35,,www.princeton.edu,,,
6,133900,71715,University of Pennsylvania,Philadelphia,PA,Private,,25367,9822,44801,9,13437,33.5,,1420,1560,32,35,,www.upenn.edu,,,
7,127600,71050,Brown University,Providence,RI,Private,,10095,11163,42455,8,7390,33,,1405,1570,31,35,,www.brown.edu,,,
8,151600,68901,California Institute of Technology,Pasadena,CA,Private,,2238,5872,41408,8,1002,34.5,,1530,1590,34,35,,www.caltech.edu,,,
9,132100,71764,Duke University,Durham,NC,Private,,16130,9988,47836,10,7184,33,,1380,1540,31,35,,www.duke.edu,,,
10,130900,71827,Dartmouth College,Hanover,NH,Private,,6509,10366,47171,10,4693,32,,1430,1560,30,34,,www.dartmouth.edu,,,
11,128200,70321,Cornell University,Ithaca,NY,Private,,23016,11135,36164,13,14774,32.5,,1390,1550,31,34,,www.cornell.edu,,,
12,117200,69725,Pomona College,Claremont,CA,Private,,1665,13279,48930,8,1599,32,,1370,1530,30,34,,www.pomona.edu,,,
13,131800,65003,"University of California, Berkeley",Berkeley,CA,Public,,41891,10248,18319,17,31133,32,,1260,1480,30,34,,www.berkeley.edu,,,
14,126800,74199,Columbia University,New York,NY,Private,,30454,11566,49185,7,8523,32.5,,1410,1570,31,34,,www.columbia.edu,,,
15,122200,71580,Georgetown University,Washington,DC,Private,,19005,12416,41893,16,8194,32,,1350,1520,30,34,,www.georgetown.edu,,,
16,114200,75735,University of Chicago,Chicago,IL,Private,,16227,14113,37883,9,6915,33.5,,1480,1580,32,35,,www.uchicago.edu,,,
17,115400,72980,Northwestern University,Evanston,IL,Private,,22008,13787,44247,9,10163,33,,1420,1560,32,34,,www.northwestern.edu,,,
18,130500,69395,University of Notre Dame,Notre Dame,IN,Private,,12467,10555,39590,19,8664,33,,1370,1520,32,34,,www.nd.edu,,,
19,127500,70650,Williams College,Williamstown,MA,Private,,2227,11497,48050,15,2134,33,,1400,1570,31,35,,www.williams.edu,,,
20,112200,62176,"University of Michigan, Ann Arbor",Ann Arbor,MI,Public,,46002,14625,18751,27,29773,31.5,,1330,1500,30,33,,www.umich.edu,,,
21,129500,63158,Rice University,Houston,TX,Private,,7022,11051,36387,16,4036,34,,1490,1580,33,35,,www.rice.edu,,,
22,117100,69863,Johns Hopkins University,Baltimore,MD,Private,,25151,13291,38542,13,7825,34,,1450,1570,33,35,,www.jhu.edu,,,
23,158200,74428,Harvey Mudd College,Claremont,CA,Private,,861,4211,33782,15,847,34,,1470,1570,33,35,,www.hmc.edu,,,
24,152800,0,United States Naval Academy,Annapolis,MD,Public,,4526,5703,,8,4495,0,,1150,1370,,,,www.usna.edu,,,
25,123200,68846,Swarthmore College,Swarthmore,PA,Private,,1630,12061,46105,11,1577,32.5,,1380,1540,31,34,,www.swarthmore.edu,,,
26,112000,68070,Bowdoin College,Brunswick,ME,Private,,1965,14627,41143,14,1816,0,,,,,,,www.bowdoin.edu,,,
27,119100,67392,Vanderbilt University,Nashville,TN,Private,,12592,12779,41359,11,7006,33.5,,1440,1570,32,35,,www.vanderbilt.edu,,,
28,116500,71300,Amherst College,Amherst,MA,Private,,1945,13578,49467,13,1836,33,,1400,1560,32,34,,https://www.amherst.edu,,,
29,125400,71745,Claremont McKenna College,Claremont,CA,Private,,1364,11850,40673,10,1345,32,,1340,1510,30,34,,www.claremontmckenna.edu,,,
30,120600,72209,University of Southern California,Los Angeles,CA,Private,,45687,12537,36686,16,20582,32,,1300,1500,30,34,,www.usc.edu,,,
31,114900,71975,Washington University in St. Louis,St. Louis,MO,Private,,15303,13832,41977,16,8533,33,,1470,1570,32,34,,www.wustl.edu,,,
32,144000,0,United States Military Academy,West Point,NY,Public,,4568,7977,,10,4491,25.5,,1185,1400,23,28,,www.usma.edu,,,
33,117500,62633,University of Virginia,Charlottesville,VA,Public,,24360,13178,21171,27,18432,31,,1310,1500,29,33,,www.virginia.edu,,,
34,118100,70600,Tufts University,Medford,MA,Private,,11449,12974,38605,15,5960,32.5,,1410,1540,31,34,,www.tufts.edu,,,
35,117700,71790,New York University,New York,NY,Private,,51123,13070,31542,28,30252,31,,1290,1490,29,33,,www.nyu.edu,,,
36,109800,69464,Middlebury College,Middlebury,VT,Private,,3855,15265,43491,17,2591,32,,1320,1510,30,34,,www.middlebury.edu,,,
37,136100,70094,Carnegie Mellon University,Pittsburgh,PA,Private,,13869,9423,38163,22,6941,33.5,,1430,1560,32,35,,www.cmu.edu,,,
38,116100,61915,"University of California, Los Angeles",Los Angeles,CA,Public,,44027,13728,20011,16,33148,31.5,,1220,1450,29,34,,ucla.edu,,,
39,111900,68870,Bates College,Lewiston,ME,Private,,1905,14630,43238,22,1787,0,,,,,,,bates.edu,,,
40,117000,69935,Wesleyan University,Middletown,CT,Private,,3213,13376,43276,16,3123,0,,,,,,,www.wesleyan.edu,,,
41,115400,70588,Boston College,Chestnut Hill,MA,Private,,14628,13795,40716,32,10304,32,,1320,1490,31,33,,www.bc.edu,,,
42,123200,65950,Washington and Lee University,Lexington,VA,Private,,2220,12226,39671,22,1855,32,,1350,1490,31,33,,www.wlu.edu,,,
43,138100,0,United States Air Force Academy,Colorado Springs,CO,Public,,4276,9327,,12,4237,30,,1210,1390,28,32,,www.usafa.af.mil,,,
44,106200,69034,Wellesley College,Wellesley,MA,Private,,2688,16582,45777,22,2508,31.5,,1360,1530,30,33,,www.wellesley.edu,,,
45,100800,51152,"University of North Carolina, Chapel Hill",Chapel Hill,NC,Public,,29911,19696,17291,24,19429,30.5,,1270,1460,28,33,,www.unc.edu,,,
46,130600,69860,Colgate University,Hamilton,NY,Private,,3025,10466,45108,28,2894,32,,1310,1500,31,33,,www.colgate.edu,,,
47,108900,59012,College of William &amp; Mary,Williamsburg,VA,Public,,8740,15531,18738,36,6822,31,,1300,1480,29,33,,www.wm.edu,,,
48,106900,66678,Davidson College,Davidson,NC,Private,,1959,16220,36359,20,1810,31.5,,1310,1470,30,33,,www.davidson.edu,,,
49,112300,71614,Haverford College,Haverford,PA,Private,,1326,14564,45805,20,1296,32.5,,1390,1530,31,34,,www.haverford.edu,,,
50,109800,71282,Barnard College,New York,NY,Private,,2668,15187,44776,15,2544,31.5,,1310,1500,30,33,,barnard.edu,,,
51,134700,69439,Santa Clara University,Santa Clara,CA,Private,,8629,9493,26671,54,5754,30,,1270,1440,28,32,,www.scu.edu,,,
52,109900,68835,Carleton College,Northfield,MN,Private,,2155,15024,38342,21,2078,32.5,,1360,1530,31,34,,www.carleton.edu,,,
53,118100,0,United States Coast Guard Academy,New London,CT,Public,,1044,12993,,15,896,28.5,,1180,1343,26,31,,www.uscga.edu,,,
54,96600,70500,Pitzer College,Claremont,CA,Private,,1087,22018,41257,16,1074,0,,,,,,,www.pitzer.edu,,,
55,110800,66950,Emory University,Atlanta,GA,Private,,14263,14789,38213,22,7859,31.5,,1350,1520,30,33,,www.emory.edu,,,
56,114800,69130,Wake Forest University,Winston-Salem,NC,Private,,8116,13866,42495,28,5068,0,,,,,,,www.wfu.edu,,,
57,122500,68640,Lafayette College,Easton,PA,Private,,2594,12412,39957,31,2569,29.5,,1260,1440,28,31,,www.lafayette.edu,,,
58,126200,65045,Cooper Union,New York,NY,Private,,946,11700,32452,13,921,31,,1310,1530,28,34,,cooper.edu,,,
59,108100,67670,Hamilton College,Clinton,NY,Private,,2043,15764,43611,24,1901,32,,1360,1510,31,33,,www.hamilton.edu/index.cfm,,,
60,98600,71060,Scripps College,Claremont,CA,Private,,1092,20739,31633,33,1083,31,,1290,1460,29,33,,www.scrippscollege.edu,,,
61,100100,70370,Vassar College,Poughkeepsie,NY,Private,,2572,19986,44517,24,2353,31.5,,1330,1500,30,33,,www.vassar.edu,,,
62,133800,68432,Babson College,Babson Park,MA,Private,,3329,9854,36717,24,2354,29.5,,1230,1410,27,32,,www.babson.edu,,,
63,113400,49698,"University of Maryland, College Park",College Park,MD,Public,,40521,14315,8955,45,32022,31,,1280,1470,29,33,,www.umd.edu,,,
64,112300,51159,"University of Washington, Seattle",Seattle,WA,Public,,46166,14582,14051,46,38781,29.5,,1190,1420,27,32,,uw.edu,,,
65,133400,49366,Georgia Institute of Technology,Atlanta,GA,Public,,29376,9930,12779,23,17223,32,,1090,1520,30,34,,www.gatech.edu,,,
66,140700,8646,United States Merchant Marine Academy,Kings Point,NY,Public,,975,8135,3597,22,912,27,,1210,1280,26,28,,www.usmma.edu,,,
67,134100,65925,Lehigh University,Bethlehem,PA,Private,,7017,9560,36014,25,5337,30.5,,1270,1430,29,32,,www4.lehigh.edu/default.aspx,,,
68,115300,46202,"University of Illinois, Urbana-Champaign",Champaign,IL,Public,,48216,13832,13595,62,35476,29,,1340,1500,26,32,,illinois.edu,,,
69,104400,49885,"University of Wisconsin, Madison",Madison,WI,Public,,42977,17636,6733,54,33863,29,,1280,1450,27,31,,www.wisc.edu,,,
70,102800,43409,University of Florida,Gainesville,FL,Public,,52669,18446,6636,42,37851,30,,1240,1400,28,32,,www.ufl.edu,,,
71,103800,69180,Kenyon College,Gambier,OH,Private,,1795,17863,34966,34,1677,31,,1263,1460,29,33,,www.kenyon.edu/index.xml,,,
72,119500,68231,Villanova University,Villanova,PA,Private,,10967,12768,30163,36,7873,31.5,,1250,1440,30,33,,www.villanova.edu,,,
73,122900,70125,Bucknell University,Lewisburg,PA,Private,,3740,12344,29783,31,3678,29.5,,1250,1420,28,31,,www.bucknell.edu,,,
74,113600,70302,Boston University,Boston,MA,Private,,33355,14309,34156,25,22829,30.5,,1300,1480,29,32,,www.bu.edu,,,
75,103300,68582,Colby College,Waterville,ME,Private,,2032,18027,45463,16,1917,32,,1340,1500,31,33,,www.colby.edu,,,
76,112800,51786,"University of Texas, Austin",Austin,TX,Public,,51525,14351,10644,36,42827,29.5,,1220,1460,26,33,,www.utexas.edu,,,
77,114600,66220,College of the Holy Cross,Worcester,MA,Private,,2855,13972,36963,40,2806,0,,,,,,,www.holycross.edu,,,
78,115300,69368,George Washington University,Washington,DC,Private,,27973,13796,29429,41,12358,30.5,,1280,1440,29,32,,www.gwu.edu,,,
79,123700,60177,"University of California, San Diego",San Diego,CA,Public,,35772,12021,18231,34,29613,30,,1210,1410,27,33,,www.ucsd.edu,,,
80,96500,66214,Grinnell College,Grinnell,IA,Private,,1765,22098,33946,29,1712,32,,1310,1510,30,34,,www.grinnell.edu,,,
81,98200,69563,Smith College,Northampton,MA,Private,,2918,21011,39913,32,2594,0,,,,,,,www.smith.edu,,,
82,112700,70108,University of Rochester,Rochester,NY,Private,,11648,14382,30658,34,6905,31,,1300,1490,29,33,,www.rochester.edu,,,
83,107500,64890,University of Richmond,Richmond,VA,Private,,4023,16136,38394,33,3815,30.5,,1270,1460,29,32,,www.richmond.edu,,,
84,116300,64125,"University of California, Santa Barbara",Santa Barbara,CA,Public,,25057,13691,19558,33,22910,30.5,,1190,1400,28,33,,www.ucsb.edu,,,
85,96800,71330,Oberlin College,Oberlin,OH,Private,,3030,21898,28876,34,2853,30.5,,1280,1450,28,33,,www.oberlin.edu,,,
86,100400,66280,Macalester College,St. Paul,MN,Private,,2249,19905,33335,41,2136,30.5,,1300,1480,29,32,,www.macalester.edu,,,
87,116000,61872,"University of California, Irvine",Irvine,CA,Public,,35242,13746,18824,37,28947,28.5,,1170,1350,25,32,,www.uci.edu,,,
88,112600,63743,"University of California, Davis",Davis,CA,Public,,37380,14473,18690,43,31437,28.5,,1130,1360,25,32,,www.ucdavis.edu,,,
89,102600,64504,Whitman College,Walla Walla,WA,Private,,1574,18500,23828,52,1510,30,,1140,1380,28,32,,www.whitman.edu,,,
90,99600,66274,University of Miami (FL),Coral Gables,FL,Private,,17003,20282,20647,36,12002,30,,1230,1420,28,32,,www.miami.edu,,,
91,110400,72408,Southern Methodist University,Dallas,TX,Private,,11789,14860,33203,49,6917,30,,1270,1440,28,32,,www.smu.edu,,,
92,97900,68616,Colorado College,Colorado Springs,CO,Private,,2450,21134,36872,15,2118,0,,,,,,,www.coloradocollege.edu,,,
93,135500,65046,Worcester Polytechnic Institute,Worcester,MA,Private,,6642,9468,19515,48,4654,0,,,,,,,www.wpi.edu,,,
94,139600,52698,Colorado School of Mines,Golden,CO,Public,,6209,8625,10725,56,4811,30,,1310,1450,28,32,,www.mines.edu,,,
95,108000,18370,Brigham Young University,Provo,UT,Private,,35807,15844,4843,52,34334,29.5,,1210,1410,27,32,,www.byu.edu,,,
96,113200,70943,Brandeis University,Waltham,MA,Private,,5721,14331,35487,34,3869,31,,1280,1470,29,33,,www.brandeis.edu,,,
97,112800,60525,Yeshiva University,New York,NY,Private,,6330,14354,26972,63,2884,26,,1160,1420,23,29,,www.yu.edu,,,
98,104000,39655,"University of Minnesota, Twin Cities",Minneapolis,MN,Public,,51848,17696,8760,50,45796,28.5,,1270,1480,26,31,,www.umn.edu,,,
99,100700,44978,University of Georgia,Athens,GA,Public,,37606,19759,10076,54,30690,28.5,,1200,1370,26,31,,www.uga.edu,,,
100,117800,65384,Case Western Reserve University,Cleveland,OH,Private,,11824,13068,28295,33,5292,31.5,,1340,1520,30,33,,www.case.edu,,,
101,99700,69450,Skidmore College,Saratoga Springs,NY,Private,,2835,20210,41746,25,2684,29,,1205,1400,27,31,,www.skidmore.edu,,,
102,105700,71756,Occidental College,Los Angeles,CA,Private,,2123,16892,35704,42,1972,29.5,,1280,1440,27,32,,www.oxy.edu,,,
103,115700,53848,"Texas A&amp;M University, College Station",College Station,TX,Public,,67929,13770,8748,71,53515,27.5,,1140,1360,25,30,,www.tamu.edu,,,
104,117500,68610,Union College (NY),Schenectady,NY,Private,,2267,13200,29135,37,2214,0,,,,,,,www.union.edu,,,
105,104900,69820,Reed College,Portland,OR,Private,,1490,17229,35130,36,1470,31.5,,1310,1500,30,33,,www.reed.edu,,,
106,105300,69764,Tulane University,New Orleans,LA,Private,,12384,17058,33035,21,8873,31.5,,1330,1490,30,33,,www.tulane.edu,,,
107,116600,66180,Bentley University,Waltham,MA,Private,,5543,13560,26565,44,4352,29,,1210,1380,27,31,,www.bentley.edu,,,
108,114000,44024,Virginia Tech,Blacksburg,VA,Public,,34440,14163,8261,70,26634,27.5,,1180,1360,25,30,,vt.edu,,,
109,110900,71470,Trinity College (CT),Hartford,CT,Private,,2401,14763,40346,34,2282,30,,1260,1420,28,32,,www.trincoll.edu/Pages/default.aspx,,,
110,135800,65031,Rose-Hulman Institute of Technology,Terre Haute,IN,Private,,2254,9443,20967,61,2245,29.5,,1260,1450,27,32,,www.rose-hulman.edu,,,
111,95300,68410,Bryn Mawr College,Bryn Mawr,PA,Private,,1640,22968,37710,38,1442,31,,1310,1500,29,33,,www.brynmawr.edu,,,
112,100600,67620,Rhode Island School of Design,Providence,RI,Private,,2440,19786,26169,32,2030,28,,1130,1370,25,31,,www.risd.edu,,,
113,134100,70132,Rensselaer Polytechnic Institute,Troy,NY,Private,,7592,9733,30596,43,6371,30,,1320,1500,28,32,,www.rpi.edu,,,
114,109700,70430,Franklin and Marshall College,Lancaster,PA,Private,,2440,15307,43377,34,2283,0,,,,,,,fandm.edu,,,
115,119500,39033,"California Polytechnic State University, San Luis Obispo",San Luis Obispo,CA,Public,,22370,12763,5891,35,21098,28.5,,1200,1380,26,31,,calpoly.edu,,,
116,101900,58330,St. Olaf College,Northfield,MN,Private,,3137,18605,28573,43,3035,28,,1150,1400,25,31,,wp.stolaf.edu,,,
117,105500,51572,Pennsylvania State University,State College,PA,Public,,47119,16960,10060,50,43709,27.5,,1160,1340,25,30,,www.psu.edu,,,
118,110000,41614,Purdue University,West Lafayette,IN,Public,,42699,15006,10703,57,32534,28,,1150,1380,25,31,,www.purdue.edu,,,
119,97400,62600,The Juilliard School,New York,NY,Private,,927,21460,29417,6,590,0,,,,,,,,,,
120,100100,69071,Dickinson College,Carlisle,PA,Private,,2422,20050,34171,49,2382,0,,,,,,,www.dickinson.edu,,,
121,98600,46141,Ohio State University,Columbus,OH,Public,,59837,20767,9730,48,49185,29,,1260,1450,27,31,,www.osu.edu,,,
122,99700,47696,Wheaton College (IL),Wheaton,IL,Private,,2900,20237,16173,85,2544,29.5,,1230,1410,27,32,,www.wheaton.edu,,,
123,111000,47518,Rutgers University,New Brunswick,NJ,Public,,49577,14744,13896,58,40523,0,,1190,1400,,,,www.rutgers.edu,,,
124,113300,64735,Loyola Marymount University,Los Angeles,CA,Private,,9618,14327,19787,52,6591,28.5,,1180,1360,26,31,,www.lmu.edu,,,
125,104900,59236,University of Portland,Portland,OR,Private,,4396,17296,23282,70,3967,26,,1140,1320,23,29,,www.up.edu,,,
126,102900,64234,American University,Washington,DC,Private,,13858,18181,29412,29,8606,28,,1180,1350,26,30,,www.american.edu,,,
127,98800,63706,Furman University,Greenville,SC,Private,,2949,20605,30434,61,2863,28.5,,1190,1380,26,31,,www2.furman.edu/Pages/default.aspx,,,
128,100800,69440,Connecticut College,New London,CT,Private,,1928,19720,39603,38,1817,0,,,,,,,www.conncoll.edu,,,
129,103900,70862,Pepperdine University,Malibu,CA,Private,,7710,17705,31980,40,3803,28.5,,1200,1390,26,31,,www.pepperdine.edu,,,
130,105200,53112,University of Connecticut,Storrs,CT,Public,,27578,17074,13630,48,20662,28.5,,1210,1390,26,31,,uconn.edu,,,
131,97100,48739,"Indiana University, Bloomington",Bloomington,IN,Public,,43710,21836,11647,76,41317,28,,1140,1350,25,31,,www.indiana.edu,,,
132,101000,62567,DePauw University,Greencastle,IN,Private,,2253,19431,31570,67,2158,26.5,,1110,1330,24,29,,www.depauw.edu,,,
133,93700,49642,Elon University,Elon,NC,Private,,6791,23891,14061,67,6214,27,,1140,1330,25,29,,www.elon.edu,,,
134,106700,50516,Clemson University,Clemson,SC,Public,,24387,16314,10296,47,19506,29,,1220,1390,27,31,,www.clemson.edu,,,
135,116900,64325,Fairfield University,Fairfield,CT,Private,,5192,13378,24180,61,4511,0,,,,,,,www.fairfield.edu,,,
136,102600,42522,James Madison University,Harrisonburg,VA,Public,,21836,18517,8556,75,21167,25.5,,1100,1260,23,28,,www.jmu.edu,,,
137,92100,63900,Mount Holyoke College,South Hadley,MA,Private,,2393,24808,31370,51,2334,31,,1270,1463,29,33,,https://www.mtholyoke.edu,,,
138,109300,66710,Gettysburg College,Gettysburg,PA,Private,,2615,15415,29795,46,2411,0,,,,,,,www.gettysburg.edu,,,
139,106500,42048,"North Carolina State University, Raleigh",Raleigh,NC,Public,,34432,16496,10998,51,26961,28.5,,1230,1390,26,31,,www.ncsu.edu,,,
140,105100,65376,University of Denver,Denver,CO,Private,,11434,17131,26702,58,6080,27.5,,1160,1350,25,30,,www.du.edu,,,
141,112500,72239,Fordham University,Bronx,NY,Private,,16037,14505,27530,46,10137,29,,1230,1410,27,31,,www.fordham.edu,,,
142,109400,65426,University of San Diego,San Diego,CA,Private,,8905,15376,24364,50,6177,28,,1180,1350,26,30,,www.sandiego.edu,,,
143,102900,56880,Trinity University (TX),San Antonio,TX,Private,,2571,18377,26174,38,2406,29.5,,1230,1410,27,32,,web.trinity.edu,,,
144,100400,44812,University of Pittsburgh,Pittsburgh,PA,Public,,28642,19935,12484,60,20822,29.5,,1240,1418,27,32,,www.pitt.edu,,,
145,109600,40980,"Binghamton University, SUNY",Binghamton,NY,Public,,17351,15368,8062,40,14736,29.5,,1290,1431,28,31,,www.binghamton.edu,,,
146,109900,54312,"University of Colorado, Boulder",Boulder,CO,Public,,35338,15103,9787,80,30976,27.5,,1150,1340,25,30,,www.colorado.edu,,,
147,105400,47782,University of Delaware,Newark,DE,Public,,23774,16975,8798,63,20550,27,,1130,1330,25,29,,www.udel.edu,,,
148,98700,62970,Texas Christian University,Fort Worth,TX,Private,,10489,20695,24864,41,9258,27.5,,1130,1330,25,30,,www.tcu.edu,,,
149,101800,45897,College of New Jersey,Ewing,NJ,Public,,7552,18792,9936,48,7212,0,,1170,1330,,,,tcnj.edu,,,
150,97800,61538,Rhodes College,Memphis,TN,Private,,2102,21288,30234,51,2010,29.5,,1220,1410,27,32,,www.rhodes.edu,,,
151,92700,34904,Florida State University,Tallahassee,FL,Public,,41362,24433,6628,49,36787,28,,1190,1330,26,30,,www.fsu.edu,,,
152,139900,67204,Stevens Institute of Technology,Hoboken,NJ,Private,,6916,8519,25762,44,3144,31,,1320,1470,29,33,,www.stevens.edu/sit,,,
153,104800,64970,Denison University,Granville,OH,Private,,2341,17344,30783,37,2290,29.5,,1200,1380,28,31,,denison.edu,,,
154,97800,60950,Sewanee—University of the South,Sewanee,TN,Private,,1835,21227,23449,47,1778,0,,,,,,,www.sewanee.edu,,,
155,103000,48135,"University of Massachusetts, Amherst",Amherst,MA,Public,,30340,18146,8867,58,26735,28.5,,1180,1360,26,31,,www.umass.edu,,,
156,104800,65480,Syracuse University,Syracuse,NY,Private,,28199,17396,27878,47,22484,27.5,,1160,1350,25,30,,syracuse.edu,,,
157,96100,70266,Sarah Lawrence College,Bronxville,NY,Private,,1696,22351,28916,53,1470,29,,1240,1410,27,31,,www.slc.edu,,,
158,104000,68296,St. Lawrence University,Canton,NY,Private,,2493,17669,31866,48,2468,28,,1205,1365,26,30,,www.stlawu.edu,,,
159,100800,53424,Michigan State University,East Lansing,MI,Public,,50019,19725,10911,72,42252,25.5,,1100,1320,23,28,,www.msu.edu,,,
160,99400,44251,University of Iowa,Iowa City,IA,Public,,32166,20367,8045,86,27051,25.5,,1140,1370,23,28,,www.uiowa.edu,,,
161,95300,57214,Saint Louis University,St. Louis,MO,Private,,14581,22998,23580,64,14373,28,,1170,1390,25,31,,www.slu.edu,,,
162,113700,59607,Seattle University,Seattle,WA,Private,,7278,14237,22438,74,5250,26.5,,1130,1330,24,29,,www.seattleu.edu/default.aspx,,,
163,99337,66200,Manhattan School of Music,New York,NY,Private,,1007,59980,24906,43,451,0,,,,,,,,,,
164,94500,59267,Kalamazoo College,Kalamazoo,MI,Private,,1469,23424,29059,73,1436,28,,1180,1380,26,30,,www.kzoo.edu,,,
165,105000,57680,University of Dayton,Dayton,OH,Private,,10882,17220,21293,72,8660,26.5,,1100,1310,24,29,,www.udayton.edu,,,
166,104500,49954,Auburn University,Auburn,AL,Public,,29776,17535,9030,84,23846,27,,1130,1310,24,30,,www.auburn.edu,,,
167,105100,60854,Saint Joseph's University (PA),Philadelphia,PA,Private,,8085,17175,23892,77,5705,25.5,,1110,1290,23,28,,www.sju.edu,,,
168,99400,56890,University of Vermont,Burlington,VT,Public,,13340,20364,16347,67,12945,27.5,,1180,1350,25,30,,www.uvm.edu,,,
169,90500,46474,Samford University,Birmingham,AL,Private,,5509,26292,14879,83,3446,26,,1080,1280,23,29,,www.samford.edu,,,
170,107600,57350,Gonzaga University,Spokane,WA,Private,,7506,16069,21169,65,5333,28,,1180,1350,26,30,,www.gonzaga.edu,,,
171,96600,57749,Wofford College,Spartanburg,SC,Private,,1737,22032,28158,69,1678,29.5,,1120,1310,29,30,,www.wofford.edu,,,
172,106900,64984,Providence College,Providence,RI,Private,,4646,16249,26359,52,4484,28,,1160,1330,26,30,,www.providence.edu/Pages/default.aspx,,,
173,101300,63510,University of Puget Sound,Tacoma,WA,Private,,2701,19325,21534,84,2545,0,,,,,,,www.pugetsound.edu,,,
174,107100,39172,"CUNY, Baruch College",New York,NY,Public,,18775,16192,8944,29,18289,0,,1190,1350,,,,www.baruch.cuny.edu,,,
175,111200,64520,Loyola University Maryland,Baltimore,MD,Private,,5783,14633,26091,75,4175,0,,,,,,,www.loyola.edu,,,
176,107800,42981,"SUNY, Stony Brook (Stony Brook University)",Stony Brook,NY,Public,,25989,15859,9968,42,19871,28.5,,1210,1410,26,31,,www.stonybrook.edu,,,
177,105700,51672,George Mason University,Fairfax,VA,Public,,35984,16934,8567,81,32249,27,,1100,1290,24,30,,www.gmu.edu,,,
178,99400,69464,Chapman University,Orange,CA,Private,,9392,20356,26378,57,6756,27.5,,1190,1360,25,30,,www.chapman.edu,,,
179,101900,65330,Muhlenberg College,Allentown,PA,Private,,2535,18627,25282,48,2367,27.5,,1140,1340,25,30,,www.muhlenberg.edu,,,
180,105900,55273,Marquette University,Milwaukee,WI,Private,,11426,16721,20717,89,8486,26.5,,1130,1310,24,29,,www.marquette.edu,,,
181,102800,40104,San Diego State University,San Diego,CA,Public,,35158,18432,7549,35,31609,25.5,,1090,1290,23,28,,www.sdsu.edu,,,
182,109700,68177,Northeastern University,Boston,MA,Private,,21489,15286,34691,27,18760,33,,1370,1520,32,34,,www.northeastern.edu,,,
183,104700,64054,"University of California, Santa Cruz",Santa Cruz,CA,Public,,19457,17522,18050,51,17925,28.5,,1160,1340,26,31,,www.ucsc.edu,,,
184,93200,62086,Lewis &amp; Clark College,Portland,OR,Private,,3339,24242,25539,71,2174,29,,1210,1390,27,31,,www.lclark.edu,,,
185,107300,51064,Miami University (OH),Oxford,OH,Public,,19700,16188,11894,68,18239,28.5,,1190,1380,26,31,,miamioh.edu,,,
186,100900,44110,"Arizona State University, Tempe",Tempe,AZ,Public,,51164,19686,12081,84,46038,25.5,,1120,1350,22,29,,www.asu.edu,,,
187,102600,42916,University of Utah,Salt Lake City,UT,Public,,32800,18509,7990,66,28686,25.5,,1110,1350,22,29,,www.utah.edu,,,
188,100600,43764,"University of Oklahoma, Norman",Norman,OK,Public,,28527,19807,9372,74,24255,26,,1150,1380,23,29,,www.ou.edu,,,
189,101000,54880,Marist College,Poughkeepsie,NY,Private,,6657,19409,15637,43,6236,0,,,,,,,www.marist.edu,,,
190,108500,69775,Hobart and William Smith Colleges,Geneva,NY,Private,,2295,15615,25110,64,2244,27.5,,1150,1330,25,30,,www.hws.edu,,,
191,95800,49542,University of Oregon,Eugene,OR,Public,,22887,22786,8662,83,22400,25,,1080,1270,22,28,,www.uoregon.edu,,,
192,99900,54020,Drake University,Des Moines,IA,Private,,4904,20073,21239,69,3606,27,,1100,1350,24,30,,www.drake.edu,,,
193,98800,58458,Lawrence University,Appleton,WI,Private,,1545,20547,28643,61,1467,28.5,,1220,1460,25,32,,www.lawrence.edu,,,
194,95800,53452,Creighton University,Omaha,NE,Private,,8654,22766,20293,72,4626,27.5,,1070,1290,25,30,,www.creighton.edu,,,
195,99373,40552,Hillsdale College,Hillsdale,MI,Private,,1556,34532,18540,41,1520,30,,1280,1440,28,32,,www.hillsdale.edu,,,
196,98000,43398,University at Buffalo (SUNY),Buffalo,NY,Public,,30648,21103,8198,57,23075,26,,1080,1260,24,28,,www.buffalo.edu,,,
197,107200,59435,University of Tulsa,Tulsa,OK,Private,,4433,16192,31812,39,3630,28.5,,1150,1440,25,32,,www.utulsa.edu,,,
198,106400,54647,University of Saint Thomas (MN),St. Paul,MN,Private,,9878,16548,21274,84,6424,26.5,,1090,1330,24,29,,www.stthomas.edu,,,
199,106900,62677,"University of California, Riverside",Riverside,CA,Public,,23279,16267,21249,57,21017,26,,1090,1300,23,29,,ucr.edu,,,
200,125700,60212,Manhattan College,Riverdale,NY,Private,,4242,11825,18177,75,3727,25.5,,1050,1243,23,28,,www.manhattan.edu,,,
201,89900,47162,University of South Carolina,Columbia,SC,Public,,34731,26976,5792,72,26791,27.5,,1170,1330,25,30,,www.sc.edu,,,
202,101400,60233,Baylor University,Waco,TX,Private,,17059,19254,21350,39,14951,28.5,,1190,1360,26,31,,www.baylor.edu,,,
203,108600,59904,Bryant University,Smithfield,RI,Private,,3751,15574,20675,73,3503,0,,,,,,,www.bryant.edu,,,
204,98200,42716,University of Mary Washington,Fredericksburg,VA,Public,,4808,21025,5562,73,4800,24.5,,1080,1260,22,27,,www.umw.edu,,,
205,120600,56288,Virginia Military Institute,Lexington,VA,Public,,1766,12739,14434,53,1722,25.5,,1100,1280,23,28,,www.vmi.edu,,,
206,101400,55010,Clark University (MA),Worcester,MA,Private,,3153,19311,24329,56,2476,0,,,,,,,www.clarku.edu,,,
207,130100,66106,Clarkson University,Potsdam,NY,Private,,4233,10729,32540,66,3335,26.5,,1143,1330,24,29,,www.clarkson.edu,,,
208,118500,63749,Illinois Institute of Technology,Chicago,IL,Private,,7164,12899,34485,54,3227,28,,1230,1410,25,31,,www.iit.edu,,,
209,88500,53910,Centre College,Danville,KY,Private,,1450,28222,26184,76,1443,28.5,,1170,1410,26,31,,www.centre.edu,,,
210,109900,65980,University of San Francisco,San Francisco,CA,Private,,11063,15056,27943,66,7495,25,,1100,1290,22,28,,www.usfca.edu,,,
211,101300,34442,Iowa State University,Ames,IA,Public,,36158,19335,7882,89,32814,25,,1160,1410,22,28,,www.iastate.edu,,,
212,102900,46381,Louisiana State University,Baton Rouge,LA,Public,,30861,18413,9304,74,27658,25.5,,1060,1290,23,28,,www.lsu.edu,,,
213,97700,62262,Willamette University,Salem,OR,Private,,2498,21328,27489,89,2181,0,,,,,,,www.willamette.edu,,,
214,96800,55800,Gustavus Adolphus College,St. Peter,MN,Private,,2263,21923,24333,68,2181,0,,,,,,,https://gustavus.edu,,,
215,97700,63770,Quinnipiac University,Hamden,CT,Private,,10200,21316,22460,74,7704,25,,1080,1260,23,27,,www.quinnipiac.edu,,,
216,99300,56740,Butler University,Indianapolis,IN,Private,,5145,20379,16348,65,4311,27.5,,1150,1320,25,30,,www.butler.edu,,,
217,97000,36953,"SUNY, College of Environmental Science and Forestry",Syracuse,NY,Public,,2213,21892,7628,52,1825,26,,1150,1300,24,28,,www.esf.edu,,,
218,101000,51707,University of Arizona,Tucson,AZ,Public,,43751,19456,11272,84,36862,0,,,,,,,www.arizona.edu,,,
219,98600,43330,"University of Missouri, Columbia",Columbia,MO,Public,,30844,20853,9316,78,27923,26,,1120,1350,23,29,,www.missouri.edu,,,
220,108100,50506,The Citadel,Charleston,SC,Public,,3717,15840,11281,81,3043,22.5,,1020,1220,20,25,,www.citadel.edu/root,,,
221,108000,51348,University of Washington Bothell,Bothell,WA,Public,,6175,15855,12946,80,5981,22.5,,1030,1230,19,26,,https://www.uwb.edu,,,
222,94300,65324,Emerson College,Boston,MA,Private,,4459,23539,20323,46,4088,28,,1200,1360,26,30,,www.emerson.edu,,,
223,96100,43437,"Colorado State University, Fort Collins",Fort Collins,CO,Public,,33083,22463,8221,83,28404,25,,1100,1300,22,28,,www.colostate.edu,,,
224,95100,49350,"University of Tennessee, Knoxville",Knoxville,TN,Public,,28321,23188,8903,77,23803,27,,1140,1310,24,30,,www.utk.edu,,,
225,90600,45330,Taylor University,Upland,IN,Private,,2831,26255,17726,87,2145,25.5,,1045,1290,22,29,,www.taylor.edu,,,
226,114800,68792,Drexel University,Philadelphia ,PA,Private,,24190,13921,28767,79,17789,27,,1160,1360,24,30,,www.drexel.edu,,,
227,103200,59560,Stonehill College,Easton,MA,Private,,2536,18093,22865,72,2498,0,,,,,,,www.stonehill.edu,,,
228,91300,32324,University of South Florida,Tampa,FL,Public,,43540,25405,7937,45,37076,26.5,,1150,1310,24,29,,www.usf.edu,,,
229,95400,45130,St. Mary's College of Maryland,St. Mary's City,MD,Public,,1746,22937,8414,82,1598,25,,1070,1290,22,28,,www.smcm.edu,,,
230,90600,70562,Bard College,Annandale-on-Hudson,NY,Private,,2293,26136,39096,58,2101,0,,,,,,,www.bard.edu,,,
231,103700,41675,Washington State University,Pullman,WA,Public,,30614,17923,8572,73,27917,23,,1020,1220,20,26,,www.wsu.edu,,,
232,85800,27878,Truman State University,Kirksville,MO,Public,,6289,30563,8778,67,6272,27,,1185,1420,24,30,,www.truman.edu,,,
233,96000,58830,Illinois Wesleyan University,Bloomington,IL,Private,,1791,22558,26421,61,1649,26.5,,1195,1395,24,29,,www.iwu.edu,,,
234,99265,65409,"St. John's College, Annapolis",Annapolis,MD,Private,,513,0,33723,54,445,29,,1280,1450,26,32,,stjohnscollege.edu,,,
235,93300,34740,"SUNY, Geneseo",Geneseo,NY,Public,,5792,24047,6708,72,5652,26.5,,1120,1300,24,29,,geneseo.edu,,,
236,102400,60930,Westmont College,Santa Barbara,CA,Private,,1356,18592,26711,85,1300,26.5,,1130,1380,23,30,,www.westmont.edu,,,
237,87300,39194,Cedarville University,Cedarville,OH,Private,,3886,29588,14155,71,3666,26,,1130,1350,23,29,,www.cedarville.edu,,,
238,109300,64796,University of the Pacific (CA),Stockton,CA,Private,,6255,15481,26884,65,3639,26,,1070,1330,22,30,,www.pacific.edu,,,
239,96700,40182,"University of Nebraska, Lincoln",Lincoln,NE,Public,,26079,21973,8538,64,22012,25.5,,1100,1380,22,29,,www.unl.edu,,,
240,100900,45488,"University of Texas, Dallas",Richardson,TX,Public,,27642,19519,14321,76,18764,29,,1220,1430,26,32,,www.utdallas.edu,,,
241,87000,67775,Rollins College,Winter Park,FL,Private,,3278,30019,30057,64,2894,0,,,,,,,www.rollins.edu,,,
242,88600,38353,University of Central Florida,Orlando,FL,Public,,66059,27691,5757,50,65100,26.5,,1150,1320,24,29,,www.ucf.edu,,,
243,98600,61339,Ithaca College,Ithaca,NY,Private,,6516,20769,25073,71,6488,0,,,,,,,www.ithaca.edu,,,
244,102900,56275,DePaul University,Chicago,IL,Private,,22769,18378,20387,72,17838,0,,,,,,,www.depaul.edu/Pages/default.aspx,,,
245,122600,38684,Missouri University of Science and Technology,Rolla,MO,Public,,8883,12345,8975,84,7192,28,,1100,1340,25,31,,www.mst.edu,,,
246,100300,47570,University of New Hampshire,Durham,NH,Public,,15363,19979,12539,77,13688,25.5,,1070,1260,23,28,,www.unh.edu,,,
247,90900,45410,Hope College,Holland,MI,Private,,3281,25871,15907,74,3150,26.5,,1090,1320,24,29,,hope.edu,,,
248,96000,59958,Loyola University Chicago,Chicago,IL,Private,,16673,22583,22016,71,12864,26.5,,1120,1310,24,29,,www.luc.edu,,,
249,103800,57090,Seton Hall University,South Orange,NJ,Private,,9801,17877,24710,73,6260,26,,1140,1280,24,28,,www.shu.edu,,,
250,91300,61900,College of Wooster,Wooster,OH,Private,,2122,25429,30851,56,1980,27,,1150,1380,24,30,,wooster.edu,,,
251,99700,61096,University of Scranton,Scranton,PA,Private,,5373,20234,22094,75,3893,25.5,,1080,1280,23,28,,www.scranton.edu,,,
252,97400,46744,University of Alabama,Tuscaloosa,AL,Public,,38563,21474,16494,53,35625,27.5,,1050,1280,23,32,,www.ua.edu,,,
253,88600,56880,College of Saint Benedict,St. Joseph,MN,Private,,2022,27898,28210,81,1937,25,,1010,1220,22,28,,www.csbsju.edu,,,
254,108400,55872,Saint John's University (MN),Collegeville,MN,Private,,1816,15737,27780,80,1815,24.5,,970,1190,22,27,,www.csbsju.edu/About/Saint-Johns-University.htm,,,
255,95000,59877,California Lutheran University,Thousand Oaks,CA,Private,,4236,23244,27282,73,3207,24,,1060,1230,21,27,,www.callutheran.edu,,,
256,117900,51036,"Embry-Riddle Aeronautical University, Prescott",Prescott,AZ,Private,,2663,13012,15756,77,2543,26,,1130,1350,23,29,,www.prescott.erau.edu,,,
257,85700,59442,Beloit College,Beloit,WI,Private,,1509,31014,30344,54,1402,0,,,,,,,www.beloit.edu,,,
258,99300,38067,Western Washington University,Bellingham,WA,Public,,16246,20435,6500,85,15915,25,,1080,1280,22,28,,www.wwu.edu,,,
259,92500,51631,Rockhurst University,Kansas City,MO,Private,,3043,24558,26031,72,2176,24.5,,1050,1230,22,27,,www.rockhurst.edu,,,
260,98600,41074,University of Kansas,Lawrence,KS,Public,,27625,20909,9205,93,20894,25.5,,,,23,28,,www.ku.edu,,,
261,104800,44706,Oregon State University,Corvallis,OR,Public,,30896,17513,8263,79,29777,25,,1070,1300,22,28,,oregonstate.edu,,,
262,103600,41674,"University of Maryland, Baltimore County",Baltimore,MD,Public,,13662,17926,9402,60,12702,26.5,,1140,1360,24,29,,https://www.umbc.edu,,,
263,90100,49844,Point Loma Nazarene University,San Diego,CA,Private,,4417,26760,16687,76,3313,25.5,,1100,1290,23,28,,https://www.pointloma.edu,,,
264,97500,65818,Wheaton College (MA),Norton,MA,Private,,1695,21345,31592,48,1688,28,,1150,1350,26,30,,wheatoncollege.edu,,,
265,101700,69475,New School,New York,NY,Private,,10389,19035,19358,62,8911,26,,1100,1310,24,28,,www.newschool.edu,,,
266,91100,46790,Calvin University,Grand Rapids,MI,Private,,4232,25621,18532,83,3840,26.5,,1100,1330,23,30,,https://www.calvin.edu,,,
267,87200,41876,Christopher Newport University,Newport News,VA,Public,,5081,29748,5737,72,5001,0,,,,,,,cnu.edu,,,
268,121300,51518,New Jersey Institute of Technology,Newark,NJ,Public,,11446,12503,13782,61,9366,27,,1190,1370,24,30,,www.njit.edu,,,
269,93100,58165,Juniata College,Huntingdon,PA,Private,,1638,24263,29639,71,1495,0,,,,,,,www.juniata.edu,,,
270,71100,29539,College of the Ozarks,Point Lookout,MO,Private,,1773,46101,15362,13,1508,23.5,,1088,1235,21,26,,www.cofo.edu,,,
271,98000,40162,University of Arkansas,Fayetteville,AR,Public,,27558,21108,6629,66,24344,26,,1110,1280,23,29,,www.uark.edu,,,
272,101700,35946,"California State University, Long Beach",Long Beach,CA,Public,,37622,18879,8454,28,34415,23,,1020,1230,20,26,,www.csulb.edu,,,
273,110800,37937,"California State Polytechnic University, Pomona",Pomona,CA,Public,,26053,14813,7957,55,24747,23.5,,1010,1230,20,27,,www.csupomona.edu,,,
274,96700,35692,"CUNY, Queens College",Queens,NY,Public,,20379,21946,9104,43,19866,0,,1060,1220,,,,www.qc.cuny.edu/Pages/home.aspx,,,
275,102400,67024,University of Redlands,Redlands,CA,Private,,4898,18576,30419,75,3556,25.5,,1070,1250,23,28,,www.redlands.edu,,,
276,116300,46344,Michigan Technological University,Houghton,MI,Public,,7292,13694,11959,74,6148,27.5,,1160,1340,25,30,,www.mtu.edu,,,
277,86500,43678,New College of Florida,Sarasota,FL,Public,,885,30244,9341,69,859,27.5,,1190,1380,25,30,,www.ncf.edu,,,
278,96400,54876,University of Dallas,Irving,TX,Private,,2510,22202,25952,47,1505,27.5,,1140,1370,24,31,,www.udallas.edu,,,
279,103800,43518,"University of Illinois, Chicago",Chicago,IL,Public,,30539,17893,13415,77,19476,23,,1080,1330,20,26,,www.uic.edu/uic,,,
280,114400,54600,Wabash College,Crawfordsville,IN,Private,,864,14030,28547,63,848,25.5,,1070,1280,23,28,,www.wabash.edu,,,
281,93500,61010,Washington College,Chestertown,MD,Private,,1520,23977,26844,48,1484,0,,,,,,,www.washcoll.edu,,,
282,98500,57560,Saint Michael's College,Colchester,VT,Private,,2126,20913,23373,85,2077,0,,,,,,,www.smcvt.edu,,,
283,105100,62482,The Catholic University of America,Washington,DC,Private,,6023,17190,24577,83,3323,0,,,,,,,www.cua.edu,,,
284,117500,43085,Massachusetts Maritime Academy,Buzzards Bay,MA,Public,,1811,13261,10571,83,1780,23,,1040,1200,21,25,,https://www.maritime.edu,,,
285,101500,53855,Siena College,Loudonville,NY,Private,,3288,19251,24332,78,3226,0,,,,,,,www.siena.edu/pages/1.asp,,,
286,90000,70760,Bennington College,Bennington,VT,Private,,851,26808,35753,57,782,0,,,,,,,www.bennington.edu/Home.aspx,,,
287,97300,55820,John Carroll University,University Heights,OH,Private,,3545,21655,25797,85,3273,24.5,,1000,1140,22,27,,sites.jcu.edu,,,
288,89300,55200,Saint Mary's College (IN),Notre Dame,IN,Private,,1690,27435,25970,78,1637,26,,1030,1250,23,29,,https://www.saintmarys.edu,,,
289,103400,56485,Seattle Pacific University,Seattle,WA,Private,,3783,18003,23350,91,3359,24,,1060,1280,21,27,,www.spu.edu,,,
290,101700,40562,"University at Albany, SUNY",Albany,NY,Public,,17743,19019,9096,54,14939,24,,1080,1260,22,26,,www.albany.edu,,,
291,93100,47930,Messiah College,Mechanicsburg,PA,Private,,3331,24287,18110,77,2866,25.5,,1100,1310,22,29,,www.messiah.edu,,,
292,110400,61260,Hofstra University,Hempstead,NY,Private,,11131,14941,24541,64,7438,26.5,,1130,1310,24,29,,hofstra.edu,,,
293,92500,54516,Biola University,La Mirada,CA,Private,,6172,24545,18028,72,4256,24.5,,1063,1298,21,28,,www.biola.edu,,,
294,96100,52108,Duquesne University,Pittsburgh,PA,Private,,9190,22443,19545,72,6467,26.5,,1120,1270,24,29,,www.duq.edu,,,
295,114700,40046,San Jose State University,San Jose,CA,Public,,35835,13929,8545,67,27394,22.5,,1000,1210,19,26,,www.sjsu.edu,,,
296,101800,66242,Ursinus College,Collegeville,PA,Private,,1576,18877,32962,78,1507,27,,1110,1310,24,30,,www.ursinus.edu,,,
297,110800,65524,Saint Mary's College of California,Moraga,CA,Private,,3913,14824,29572,82,3018,24.5,,1060,1240,22,27,,www.stmarys-ca.edu,,,
298,94800,51202,Regis University,Denver,CO,Private,,8341,23348,21367,60,5127,23,,1070,1266,20,26,,www.regis.edu,,,
299,95900,44190,Temple University,Philadelphia,PA,Public,,39967,22736,10739,57,31739,0,,,,,,,www.temple.edu,,,
300,98400,39222,"California State University, Fullerton",Fullerton,CA,Public,,40905,20926,8436,46,38279,21.5,,1020,1180,19,24,,www.fullerton.edu,,,
301,94500,29454,"CUNY, Hunter College",New York,NY,Public,,23005,23416,8039,40,20626,0,,1120,1290,,,,www.hunter.cuny.edu/main,,,
302,103900,46118,Ohio Northern University,Ada,OH,Private,,3088,17754,20796,66,2310,25,,1130,1310,22,28,,www.onu.edu,,,
303,84500,62850,Maryland Institute College of Art,,MD,Private,,2128,32911,18939,62,2041,26.5,,1060,1290,24,29,,,,,
304,104900,46680,Bradley University,Peoria,IL,Private,,5844,17309,19250,71,4669,25,,1080,1290,22,28,,www.bradley.edu,,,
305,82700,33819,Appalachian State University,Boone,NC,Public,,18811,34752,8312,70,17811,25,,1100,1270,23,27,,www.appstate.edu,,,
306,103900,37306,University of Houston,Houston,TX,Public,,45364,17726,9530,61,40813,25,,1110,1280,23,27,,www.uh.edu,,,
307,85600,50550,Transylvania University,Lexington,KY,Private,,983,31337,21960,95,966,0,,,,,,,https://www.transy.edu,,,
308,96400,45634,University of Kentucky,Lexington,KY,Public,,29465,22292,9387,96,23718,25,,1080,1330,22,28,,www.uky.edu,,,
309,129600,39962,California State University Maritime Academy,Vallejo,CA,Public,,1181,10774,7716,66,1090,0,,,,,,,https://www.csum.edu/web/mycampus/home;jsessionid=788be41b906ebd9485432c0ba641d830,,,
310,89900,51910,Presbyterian College,Clinton,SC,Private,,1280,26883,31372,65,1135,24,,1020,1250,21,27,,www.presby.edu,,,
311,106500,33425,Texas Tech University,Lubbock,TX,Public,,36996,16501,6632,69,32154,24.5,,1070,1240,22,27,,www.texastech.edu,,,
312,111200,51828,"Embry-Riddle Aeronautical University, Daytona Beach",Daytona Beach,FL,Private,,6338,14703,15100,75,5777,25,,1080,1310,22,28,,daytonabeach.erau.edu,,,
313,97300,44490,University of Cincinnati,Cincinnati,OH,Public,,37155,21618,7045,76,28857,25.5,,1120,1340,23,28,,www.uc.edu,,,
314,108600,60360,Hampden-Sydney College,Hampden-Sydney,VA,Private,,1054,15545,26751,55,1046,24,,1050,1265,21,27,,www.hsc.edu,,,
315,93500,54330,Southwestern University,Georgetown,TX,Private,,1536,23948,25506,43,1396,26,,1110,1320,23,29,,www.southwestern.edu,,,
316,88800,57824,Whitworth University,Spokane,WA,Private,,2627,27578,26020,89,2342,26,,1090,1310,23,29,,www.whitworth.edu,,,
317,86200,37790,Franciscan University of Steubenville,Steubenville,OH,Private,,2929,30440,10971,83,2230,25.5,,1080,1300,23,28,,www.franciscan.edu,,,
318,80900,50740,Belmont University,Nashville,TN,Private,,8012,35737,13488,81,6636,26.5,,1140,1310,24,29,,www.belmont.edu,,,
319,100300,56846,Saint Anselm College,Manchester,NH,Private,,1995,19959,23338,76,1964,26,,1140,1300,24,28,,www.anselm.edu,,,
320,91200,38754,Towson University,Towson,MD,Public,,22705,25596,8815,77,21615,23,,1055,1210,21,25,,www.towson.edu,,,
321,89900,50868,University of Evansville,Evansville,IN,Private,,2537,26933,26391,70,2516,25.5,,1020,1255,22,29,,www.evansville.edu,,,
322,88400,58670,Earlham College,Richmond,IN,Private,,1128,28240,36987,52,1072,27.5,,1190,1400,25,30,,earlham.edu,,,
323,85100,48057,College of Charleston,Charleston,SC,Public,,11322,32442,9018,80,10863,24.5,,1070,1230,22,27,,www.cofc.edu,,,
324,89600,43800,Dordt University,Sioux Center,IA,Private,,1579,27267,16673,72,1533,25,,1050,1320,22,28,,www.dordt.edu,,,
325,94000,52380,Xavier University,Cincinnati,OH,Private,,6786,23692,20690,74,4893,25,,1060,1240,22,28,,www.xavier.edu,,,
326,117600,52046,Milwaukee School of Engineering,Milwaukee,WI,Private,,2823,13173,25716,63,2779,27.5,,1153,1360,25,30,,www.msoe.edu/home,,,
327,98100,54800,Pacific Lutheran University,Tacoma,WA,Private,,3122,21044,26984,75,2942,24,,1040,1270,21,27,,www.plu.edu,,,
328,102300,65308,Pratt Institute,Brooklyn,NY,Private,,5035,18602,20362,57,4050,26.5,,1040,1290,24,29,,https://www.pratt.edu,,,
329,125000,59227,Kettering University,Flint,MI,Private,,2311,11892,18564,70,2129,26.5,,1190,1350,24,29,,https://www.kettering.edu,,,
330,86900,39050,St. Joseph's College (NY),Brooklyn,NY,Private,,1176,30107,14686,68,1085,20,,868,1060,18,22,,www.sjcny.edu,,,
331,95400,56554,Knox College,Galesburg,IL,Private,,1376,22901,29331,72,1356,0,,,,,,,www.knox.edu,,,
332,86600,47766,Master's University,Santa Clarita,CA,Private,,1946,30232,18498,66,1551,21.5,,1030,1240,20,23,,www.masters.edu,,,
333,140700,34958,SUNY Maritime College,Throggs Neck,NY,Public,,1794,8352,7134,69,1778,24,,1100,1253,22,26,,www.sunymaritime.edu,,,
334,88300,26055,"University of Wisconsin, La Crosse",La Crosse,WI,Public,,10548,28331,2975,73,10480,24,,,,22,26,,www.uwlax.edu,,,
335,105100,36300,"California State University, Chico",Chico,CA,Public,,17875,17134,8615,68,17732,22,,990,1170,19,25,,www.csuchico.edu,,,
336,80500,38678,"University of North Carolina, Wilmington",Wilmington,NC,Public,,16487,36350,5471,67,16060,25,,1185,1310,23,27,,uncw.edu,,,
337,106600,54714,Rochester Institute of Technology,Rochester,NY,Private,,16584,16392,21055,57,15217,29,,1190,1380,26,32,,www.rit.edu,,,
338,105900,62203,Wagner College,Staten Island,NY,Private,,2271,16693,26903,70,1858,0,,,,,,,wagner.edu,,,
339,90300,60096,Hendrix College,Conway,AR,Private,,1354,26607,35974,80,1249,27.5,,1100,1410,24,31,,www.hendrix.edu,,,
340,95000,40036,Illinois State University,Normal,IL,Public,,20784,23265,9124,89,20115,23.5,,,,21,26,,www.illinoisstate.edu,,,
341,95200,39973,Ramapo College of New Jersey,Mahwah,NJ,Public,,6466,23130,11907,57,6120,23.5,,1050,1230,21,26,,https://www.ramapo.edu,,,
342,92200,47784,Westminster College (UT),Salt Lake City,UT,Private,,2570,24761,20070,93,2422,24.5,,1060,1267,21,28,,https://www.westminstercollege.edu,,,
343,91200,63767,Mills College,Oakland,CA,Private,,1310,25614,35560,87,869,0,,,,,,,www.mills.edu,,,
344,85900,54045,Luther College,Decorah,IA,Private,,2214,30503,26533,65,2053,25.5,,1023,1305,23,28,,www.luther.edu,,,
345,88200,51204,Virginia Commonwealth University,Richmond,VA,Public,,30675,28366,9187,84,26355,24,,1070,1260,21,27,,www.vcu.edu,,,
346,88700,48110,St. Norbert College,De Pere,WI,Private,,2165,27597,20123,79,2162,24.5,,1110,1230,22,27,,www.snc.edu,,,
347,98800,31387,University of Wyoming,Laramie,WY,Public,,12397,20681,7422,97,10874,24.5,,1040,1290,22,27,,www.uwyo.edu,,,
348,93100,53784,Austin College,Sherman,TX,Private,,1288,24250,29820,52,1228,26,,1160,1360,23,29,,www.austincollege.edu,,,
349,95000,38398,"University of Nevada, Reno",Reno,NV,Public,,21657,23249,5672,88,20196,23.5,,1070,1260,21,26,,www.unr.edu,,,
350,94300,58230,Simmons College,Boston,MA,Private,,6283,23560,26660,60,1825,26.5,,1130,1310,24,29,,www.simmons.edu,,,
351,93500,61120,Allegheny College,Meadville,PA,Private,,1957,24022,33282,68,1802,26,,1140,1320,23,29,,allegheny.edu,,,
352,85700,50350,Bethel University,Saint Paul,MN,Private,,3797,31102,19821,83,3006,24,,1030,1360,21,27,,www.bethel.edu,,,
353,96400,56358,Adelphi University,Garden City,NY,Private,,7978,22286,20425,73,5768,24.5,,1060,1240,22,27,,www.adelphi.edu,,,
354,85200,34080,"SUNY, College at New Paltz",New Paltz,NY,Public,,7709,31971,8061,44,7565,25.5,,1100,1260,23,28,,www.newpaltz.edu,,,
355,112700,54071,Wentworth Institute of Technology,Boston,MA,Private,,4543,14424,13455,92,4457,25,,1080,1270,22,28,,https://wit.edu,,,
356,95000,66486,Drew University,Madison,NJ,Private,,2117,23237,35351,63,1678,0,,,,,,,www.drew.edu,,,
357,91300,49940,Gordon College,Wenham,MA,Private,,1963,25442,17558,89,1784,25.5,,1050,1290,22,29,,www.gordon.edu,,,
358,98600,38686,Oklahoma State University,Stillwater,OK,Public,,25295,20771,9874,74,23241,25,,1070,1260,22,28,,okstate.edu,,,
359,88700,55322,Millsaps College,Jackson,MS,Private,,871,27588,29468,49,859,25,,1110,1320,22,28,,www.millsaps.edu,,,
360,80300,46834,Georgia College &amp; State University,Milledgeville,GA,Public,,6952,36567,7252,79,6804,25,,1100,1260,23,27,,www.gcsu.edu,,,
361,91200,39526,Rowan University,Glassboro,NJ,Public,,18484,25492,9357,69,16047,25,,1050,1260,22,28,,www.rowan.edu,,,
362,97800,34942,"CUNY, Brooklyn College",Brooklyn,NY,Public,,17803,21206,9250,40,17679,0,,1050,1210,,,,www.brooklyn.cuny.edu,,,
363,82700,38834,John Brown University,Siloam Springs,AR,Private,,2613,34819,15476,76,2230,26.5,,1080,1310,24,29,,www.jbu.edu,,,
364,90100,36086,Florida International University,Miami,FL,Public,,56718,26670,6471,54,55835,24.5,,1080,1240,22,27,,www.fiu.edu,,,
365,89800,34102,Salisbury University,Salisbury,MD,Public,,8721,27151,5527,65,8714,0,,,,,,,www.salisbury.edu,,,
366,97200,39696,Kansas State University,Manhattan,KS,Public,,22795,21703,6435,94,21022,0,,,,,,,www.k-state.edu,,,
367,85200,49488,Concordia College—Moorhead,Moorhead,MN,Private,,2140,32174,23456,62,2059,25,,1055,1305,22,28,,www.concordiacollege.edu,,,
368,93600,27990,"University of Wisconsin, Eau Claire",Eau Claire,WI,Public,,10944,23935,3449,76,10904,23.5,,,,21,26,,www.uwec.edu,,,
369,98600,33478,North Dakota State University,Fargo,ND,Public,,14358,20866,4666,92,12915,23.5,,1060,1328,21,26,,www.ndsu.edu,,,
370,100500,58440,Sacred Heart University,Fairfield,CT,Private,,8543,19880,15472,60,5937,0,,,,,,,https://www.sacredheart.edu,,,
371,85100,50450,Hanover College,Hanover,IN,Private,,1103,32620,26000,84,1089,24.5,,1070,1260,22,27,,www.hanover.edu,,,
372,105400,59650,Florida Institute of Technology,Melbourne,FL,Private,,6402,16973,23760,63,3943,26.5,,1130,1320,24,29,,www.fit.edu,,,
373,92300,67114,Hampshire College,Amherst,MA,Private,,1382,24679,30632,63,1268,0,,,,,,,www.hampshire.edu,,,
374,86700,47770,Saint John Fisher College,Rochester,NY,Private,,3776,30194,17631,65,2976,24,,1060,1230,22,26,,www.sjfc.edu,,,
375,85300,25942,"University of Minnesota, Morris",Morris,MN,Public,,1912,31808,11572,64,1627,25,,1150,1390,22,28,,www.morris.umn.edu,,,
376,92700,52700,Roger Williams University,Bristol,RI,Private,,5472,24449,13685,82,5024,0,,,,,,,rwu.edu,,,
377,104800,45476,La Salle University,Philadelphia,PA,Private,,5197,17469,27431,79,3896,0,,,,,,,www.lasalle.edu,,,
378,93100,57390,Lebanon Valley College,Annville,PA,Private,,1910,24279,26230,73,1784,24,,1063,1250,22,26,,www.lvc.edu,,,
379,95700,54594,Assumption College,Worcester,MA,Private,,2481,22828,20777,79,2318,0,,,,,,,https://www.assumption.edu,,,
380,102500,57865,Merrimack College,North Andover,MA,Private,,4191,18527,20113,82,3786,0,,,,,,,www.merrimack.edu/index.php,,,
381,98400,28504,Grove City College,Grove City,PA,Private,,2383,20940,6843,80,2373,27.5,,1071,1249,23,32,,www.gcc.edu,,,
382,92000,46506,University of St. Thomas (TX),Houston,TX,Private,,3168,24930,23263,81,1979,24,,1070,1235,21,27,,https://www.stthom.edu/home/index.aqf,,,
383,91700,49995,Le Moyne College,Syracuse,NY,Private,,3431,25017,22291,64,3148,24.5,,1080,1240,22,27,,www.lemoyne.edu,,,
384,89100,58700,St. Edward's University,Austin,TX,Private,,4447,27531,28957,84,4300,25,,1080,1250,22,28,,www.stedwards.edu/contactus,,,
385,91600,51550,"University of Hawaii, Manoa",Honolulu,HI,Public,,17612,25117,7227,83,15299,23.5,,1050,1240,21,26,,manoa.hawaii.edu,,,
386,88900,53422,Augustana College,Rock Island,IL,Private,,2647,27563,27532,59,2591,0,,,,,,,augustana.edu,,,
387,79400,45920,Covenant College,Lookout Mountain,GA,Private,,1068,37427,21187,95,1017,27,,1130,1350,24,30,,www.covenant.edu,,,
388,101300,43201,Howard University,Washington,DC,Private,,9392,19322,20427,41,6156,25,,1090,1290,22,28,,www.howard.edu,,,
389,83000,51790,Union University (TN),Jackson,TN,Private,,3377,34464,24075,60,2853,26,,1070,1320,23,29,,www.uu.edu,,,
390,106200,55864,Iona College,New Rochelle,NY,Private,,3792,16650,23110,92,3649,22.5,,980,1180,20,25,,www.iona.edu,,,
391,84800,47734,Lipscomb University,Nashville,TN,Private,,4642,32829,18955,60,3705,26,,1060,1330,23,29,,https://www.lipscomb.edu,,,
392,91400,48538,Carroll College,Helena,MT,Private,,1415,25322,20475,78,1362,25,,1080,1270,22,28,,www.carroll.edu,,,
393,84900,50632,Berry College,Mount Berry,GA,Private,,2138,32721,21883,62,2110,26.5,,1120,1300,24,29,,www.berry.edu,,,
394,89700,58490,Elizabethtown College,Elizabethtown,PA,Private,,1766,27200,27431,74,1735,24.5,,1070,1280,22,27,,www.etown.edu,,,
395,86800,49104,College of St. Scholastica,Duluth,MN,Private,,4276,30142,23314,68,3143,23,,1020,1300,19,27,,css.edu,,,
396,88400,45458,Augustana University,Sioux Falls,SD,Private,,2080,28285,21816,68,1743,26,,1070,1290,23,29,,www.augie.edu,,,
397,100700,29277,Louisiana Tech University,Ruston,LA,Public,,12839,19779,10650,65,12708,24.5,,870,1100,22,27,,www.latech.edu,,,
398,89600,48902,George Fox University,Newberg,OR,Private,,4076,27331,17754,82,2821,24,,1050,1270,21,27,,www.georgefox.edu,,,
399,96000,33017,University of North Dakota,Grand Forks,ND,Public,,14406,22667,4640,83,13957,23.5,,1050,1270,21,26,,und.edu,,,
400,107800,64982,Pace University,New York,NY,Private,,12986,15872,28509,80,10063,24,,1040,1220,21,27,,www.pace.edu,,,
401,89100,40086,University of Mississippi,University,MS,Public,,23136,27508,9642,84,20940,25.5,,1070,1290,22,29,,www.olemiss.edu,,,
402,91000,68993,California Institute of the Arts,,CA,Private,,1498,25629,15401,24,991,0,,,,,,,,,,
403,92000,56712,Linfield College,McMinnville,OR,Private,,1692,24993,25864,81,1535,23,,1020,1210,20,26,,www.linfield.edu,,,
404,84200,63574,Berklee College of Music,,MA,Private,,6952,33120,19811,53,6762,0,,,,,,,,,,
405,85300,31872,University of Northern Iowa,Cedar Falls,IA,Public,,11861,31956,4677,81,11334,23.5,,1080,1360,21,26,,www.uni.edu,,,
406,120400,35153,New Mexico Institute of Mining and Technology,Socorro,NM,Public,,2009,12745,6883,22,1707,26,,1190,1390,23,29,,www.nmt.edu,,,
407,106600,59865,St. John's University (NY),Queens,NY,Private,,21340,16416,25628,68,17861,25.5,,1060,1250,22,29,,www.stjohns.edu/contact.stj,,,
408,109300,46983,University of Massachusetts Lowell,Lowell,MA,Public,,18315,15506,9817,69,16407,26.5,,1130,1310,24,29,,www.uml.edu,,,
409,118500,28770,South Dakota School of Mines and Technology,Rapid City,SD,Public,,2885,12970,4230,83,2778,26.5,,1150,1353,24,29,,https://www.sdsmt.edu,,,
410,90600,59810,Goucher College,Baltimore,MD,Private,,2236,26239,29040,79,1508,0,,,,,,,www.goucher.edu,,,
411,99100,36674,"CUNY, The City College of New York",New York,NY,Public,,16001,20517,9669,46,15842,0,,1040,1240,,,,www.ccny.cuny.edu,,,
412,80500,46544,Nebraska Wesleyan University,Lincoln,NE,Private,,3703,36413,18976,71,2064,25,,1040,1300,22,28,,www.nebrwesleyan.edu,,,
413,93500,12322,Brigham Young University-Idaho,Rexburg,ID,Private,,69458,24034,4070,95,51881,22.5,,990,1180,20,25,,www.byui.edu,,,
414,98000,52980,Valparaiso University,Valparaiso,IN,Private,,4026,21109,26441,84,3531,26,,1060,1270,23,29,,www.valpo.edu,,,
415,102600,58675,Lake Forest College,Lake Forest,IL,Private,,1640,18504,31022,53,1542,0,,,,,,,www.lakeforest.edu,,,
416,85700,52396,Azusa Pacific University,Azusa,CA,Private,,9926,31039,21186,60,6263,24,,990,1220,21,27,,www.apu.edu,,,
417,97300,32311,"California State University, Fresno",Fresno,CA,Public,,25325,21556,10267,59,23020,19,,910,1110,16,22,,www.fresnostate.edu,,,
418,92200,38253,West Chester University of Pennsylvania,West Chester,PA,Public,,17306,24704,5743,69,15851,23.5,,1040,1210,21,26,,www.wcupa.edu,,,
419,79200,46500,Goshen College,Goshen,IN,Private,,950,37730,23958,64,921,23.5,,980,1233,19,28,,www.goshen.edu,,,
420,83600,54065,Agnes Scott College,Decatur,GA,Private,,981,33586,29066,66,921,0,,,,,,,www.agnesscott.edu,,,
421,80100,46076,Maryville University of Saint Louis,St. Louis,MO,Private,,7689,36740,12346,92,3486,24,,983,1265,21,27,,www.maryville.edu,,,
422,95400,38435,Montclair State University,Montclair,NJ,Public,,21013,22853,9983,71,18785,0,,990,1150,,,,www.montclair.edu,,,
423,106800,42093,Oregon Institute of Technology,Klamath Falls,OR,Public,,7358,16286,5674,61,5486,23.5,,1040,1230,21,26,,www.oit.edu,,,
424,99300,56750,Albion College,Albion,MI,Private,,1568,20402,34181,71,1476,23,,1010,1200,20,26,,www.albion.edu,,,
425,86600,35614,University of North Florida,Jacksonville,FL,Public,,16531,30205,7267,59,16309,23.5,,1090,1280,21,26,,www.unf.edu,,,
426,99500,38599,San Francisco State University,San Francisco,CA,Public,,29758,20333,8470,70,29485,21,,950,1150,18,24,,www.sfsu.edu,,,
427,96200,38121,Montana State University,Bozeman,MT,Public,,16613,22323,5661,83,15848,24.5,,1090,1300,21,28,,www.montana.edu,,,
428,84300,51105,High Point University,High Point,NC,Private,,4951,33036,10331,81,4608,24,,1050,1240,21,27,,www.highpoint.edu,,,
429,95600,61409,Whittier College,Whittier,CA,Private,,1987,22839,28841,74,1660,24,,1010,1220,21,27,,www.whittier.edu,,,
430,88400,59200,Eckerd College,St. Petersburg,FL,Private,,2200,28308,23182,73,2037,26,,1060,1260,23,29,,www.eckerd.edu,,,
431,87600,41472,University of Louisville,Louisville,KY,Public,,21402,29171,9589,75,18009,25,,1070,1290,22,28,,louisville.edu,,,
432,94100,38410,Mississippi State University,Starkville,MS,Public,,21883,23663,10003,62,19554,24.5,,,,21,28,,www.msstate.edu,,,
433,91500,43708,University of Tampa,Tampa,FL,Private,,8895,25194,12304,53,8101,24.5,,1070,1230,22,27,,www.ut.edu,,,
434,94200,32434,"California State University, Stanislaus",Turlock,CA,Public,,10327,23652,8875,77,9299,0,,,,,,,www.csustan.edu,,,
435,97700,37624,University of Idaho,Moscow,ID,Public,,12072,21291,6993,73,11344,23,,1010,1230,20,26,,www.uidaho.edu,,,
436,90600,55954,Cornell College (IA),Mount Vernon,IA,Private,,1009,26175,26957,65,1006,26,,1100,1340,23,29,,www.cornellcollege.edu/index.shtml,,,
437,92100,60134,Washington &amp; Jefferson College,Washington,PA,Private,,1424,24795,29017,48,1412,0,,,,,,,www.washjeff.edu,,,
438,93300,36706,Ohio University,Athens,OH,Public,,29369,24140,6291,74,26467,24,,1080,1260,22,26,,www.ohio.edu,,,
439,86000,61374,Stetson University,DeLand,FL,Private,,4252,30480,30974,68,3213,0,,,,,,,www.stetson.edu/home,,,
440,95300,57868,Moravian College,Bethlehem,PA,Private,,2446,23064,25900,76,2195,24,,1010,1210,21,27,,www.moravian.edu,,,
441,90900,48300,Abilene Christian University,Abilene,TX,Private,,5145,25710,18599,58,3806,23.5,,1025,1220,21,26,,www.acu.edu,,,
442,95700,29542,"University of Minnesota, Duluth",Duluth,MN,Public,,11168,22810,7100,77,10490,24,,1050,1280,22,26,,www.d.umn.edu,,,
443,85800,37234,Stockton University,Galloway,NJ,Public,,9216,30820,12270,82,9105,22,,1010,1200,19,25,,www.stockton.edu,,,
444,99700,45735,University of Rhode Island,Kingston,RI,Public,,18089,20221,10834,70,16255,24.5,,1050,1230,22,27,,www.uri.edu,,,
445,93900,33264,Utah State University,Logan,UT,Public,,29784,23729,8145,89,27679,24,,1000,1220,21,27,,www.usu.edu,,,
446,93700,45300,Saint Mary's University of Minnesota,Winona,MN,Private,,5754,23827,21359,64,1883,22.5,,960,1210,20,25,,www.smumn.edu,,,
447,94600,55830,McDaniel College,Westminster,MD,Private,,2819,23393,30807,85,1646,24.5,,1060,1230,21,28,,https://www.mcdaniel.edu,,,
448,92900,51228,North Central College,Naperville,IL,Private,,2965,24355,23128,54,2883,24.5,,1063,1323,22,27,,northcentralcollege.edu/home,,,
449,90700,59306,Bellarmine University,Louisville,KY,Private,,3757,26075,28601,89,2903,24.5,,1050,1210,22,27,,www.bellarmine.edu,,,
450,88000,33812,"SUNY, College at Oneonta",Oneonta,NY,Public,,6358,28540,7634,60,6150,23,,1040,1190,21,25,,www.oneonta.edu/home/default.asp,,,
451,93800,33818,"SUNY, Farmingdale State College",Farmingdale,NY,Public,,12307,23799,7438,59,9574,21,,980,1140,19,23,,www.farmingdale.edu,,,
452,91500,54260,University of New England,Biddeford,ME,Private,,8798,25273,19228,81,8281,23.5,,1030,1210,21,26,,www.une.edu,,,
453,94700,59780,Susquehanna University,Selinsgrove,PA,Private,,2370,23362,30386,70,2351,0,,,,,,,www.susqu.edu,,,
454,99900,37712,West Virginia University,Morgantown,WV,Public,,28406,20204,8964,72,24183,24,,1020,1210,21,27,,www.wvu.edu,,,
455,90500,59826,University of La Verne,La Verne,CA,Private,,8159,26264,24969,48,6653,22,,1020,1193,19,25,,laverne.edu,,,
456,87200,36800,"University of Alabama, Birmingham",Birmingham,AL,Public,,20902,29815,9254,92,13308,24.5,,990,1370,21,28,,www.uab.edu,,,
457,97100,37914,Sonoma State University,Rohnert Park,CA,Public,,9481,21870,7277,82,9244,21.5,,980,1170,19,24,,www.sonoma.edu,,,
458,90000,52172,Canisius College,Buffalo,NY,Private,,3464,26838,26244,78,2861,25,,1040,1260,22,28,,www.canisius.edu,,,
459,77900,44408,Houghton College,Houghton,NY,Private,,1231,38823,22690,91,1043,25.5,,1060,1320,22,29,,www.houghton.edu,,,
460,90400,52178,Hamline University,Saint Paul,MN,Private,,3734,26450,26309,69,2346,23,,1015,1260,20,26,,www.hamline.edu,,,
461,80200,37600,Ouachita Baptist University,Arkadelphia,AR,Private,,1648,36690,17776,71,1545,24.5,,1020,1260,21,28,,www.obu.edu,,,
462,99200,60350,Ohio Wesleyan University,Delaware,OH,Private,,1712,20493,31028,71,1560,0,,,,,,,www.owu.edu,,,
463,88300,52414,Birmingham-Southern College,Birmingham,AL,Private,,1325,28322,26594,62,1283,26,,1030,1260,23,29,,www.bsc.edu,,,
464,71600,35394,Berea College,Berea,KY,Private,,1710,43969,33422,35,1670,24.5,,970,1200,22,27,,www.berea.edu,,,
465,85100,59327,Roanoke College,Salem,VA,Private,,2087,32190,26726,67,2035,24.5,,1040,1230,22,27,,roanoke.edu,,,
466,95600,44114,"University of Colorado, Denver",Denver,CO,Public,,24839,22828,6251,65,19806,24,,1060,1280,21,27,,www.cu.edu,,,
467,88300,48879,Saint Vincent College,Latrobe,PA,Private,,1865,28327,25507,62,1720,23,,1020,1210,20,26,,www.stvincent.edu,,,
468,85400,51642,Spelman College,Atlanta,GA,Private,,2166,31452,13647,40,2137,24,,1070,1215,22,26,,www.spelman.edu,,,
469,101100,37622,"California State University, Sacramento",Sacramento,CA,Public,,31255,19340,8984,68,30445,20,,940,1140,17,23,,www.csus.edu,,,
470,105400,52056,Wittenberg University,Springfield,OH,Private,,2053,17041,26135,72,1884,0,,,,,,,www.wittenberg.edu,,,
471,91900,26052,South Dakota State University,Brookings,SD,Public,,13103,25007,4201,91,12516,23,,980,1260,20,26,,www.sdstate.edu,,,
472,86900,55240,Coe College,Cedar Rapids,IA,Private,,1476,30106,31543,56,1394,25,,1073,1326,22,28,,www.coe.edu,,,
473,85400,38277,East Carolina University,Greenville,NC,Public,,29131,31592,8225,79,25207,22,,1030,1180,20,24,,www.ecu.edu,,,
474,97300,34007,"California State University, Northridge",Northridge,CA,Public,,41319,21490,9782,58,37184,19.5,,910,1120,17,22,,www.csun.edu,,,
475,103900,36881,University of Alabama in Huntsville,Huntsville,AL,Public,,9101,17784,9587,81,7519,28,,1080,1330,25,31,,www.uah.edu,,,
476,85100,51293,Mercer University,Macon,GA,Private,,8653,32240,28528,73,5057,27.5,,1170,1340,25,30,,www.mercer.edu,,,
477,87900,45408,Oklahoma City University,Oklahoma City,OK,Private,,2845,28943,18588,72,1983,25.5,,1110,1280,23,28,,www.okcu.edu,,,
478,99000,59700,Rider University,Lawrenceville,NJ,Private,,5073,20539,25766,67,4371,22.5,,990,1190,19,26,,www.rider.edu,,,
479,88600,55402,Loyola University New Orleans,New Orleans,LA,Private,,3759,27875,27972,69,2766,25,,1080,1270,22,28,,www.loyno.edu,,,
480,89800,49149,Nova Southeastern University,Fort-Lauderdale-Davie,FL,Private,,20793,27137,19075,58,4840,25.5,,1080,1280,23,28,,www.nova.edu,,,
481,82100,29314,Grand Valley State University,Allendale,MI,Public,,25049,35290,6374,81,24282,23.5,,1050,1230,21,26,,www.gvsu.edu,,,
482,91200,35804,Florida Atlantic University,Boca Raton,FL,Public,,31454,25455,8635,60,30208,23.5,,1060,1220,21,26,,www.fau.edu,,,
483,82400,43650,Northwestern College (IA),Orange City,IA,Private,,1243,35077,19343,68,1131,24,,995,1235,21,27,,www.nwciowa.edu,,,
484,94000,57488,Pacific University (OR),Forest Grove,OR,Private,,3893,23699,26103,84,1995,24.5,,1070,1260,22,27,,www.pacificu.edu,,,
485,92600,37081,"University of North Carolina, Charlotte",Charlotte,NC,Public,,29317,24525,7385,66,26758,24,,1110,1270,22,26,,www.uncc.edu,,,
486,95100,42377,Tennessee Technological University,Cookeville,TN,Public,,10504,23144,9050,64,10215,24.5,,1010,1250,21,28,,www.tntech.edu,,,
487,83700,40448,Ball State University,Muncie,IN,Public,,22513,33480,10658,62,19231,22,,1080,1240,20,24,,cms.bsu.edu,,,
488,88500,50000,Elmhurst College,Elmhurst,IL,Private,,3481,28095,21852,71,3122,23,,985,1210,20,26,,https://www.elmhurst.edu,,,
489,103100,35111,Touro College,New York,NY,Private,,11908,18093,6815,74,8622,0,,,,,,,www.touro.edu,,,
490,84800,41261,"CUNY, John Jay College of Criminal Justice",New York,NY,Public,,15583,32731,9007,39,14834,0,,980,1130,,,,www.jjay.cuny.edu,,,
491,83500,34532,"CUNY, Lehman College",New York,NY,Public,,15231,33814,10685,35,14130,0,,970,1100,,,,www.lehman.cuny.edu,,,
492,103500,36990,"California State University, East Bay",Hayward,CA,Public,,16538,17935,9402,74,14691,0,,,,,,,www.csueastbay.edu,,,
493,87900,25521,University of South Dakota,Vermillion,SD,Public,,10261,28961,5145,87,9416,22.5,,1010,1230,20,25,,www.usd.edu,,,
494,76100,36638,"University of North Carolina, Asheville",Asheville,NC,Public,,4429,40676,8060,80,3852,25,,1080,1260,22,28,,www.unca.edu,,,
495,80000,33954,Ashland University,Ashland,OH,Private,,6781,36929,12432,74,6471,22.5,,965,1180,20,25,,www.ashland.edu,,,
496,88600,50180,Simpson College (IA),Indianola,IA,Private,,1695,27925,25683,84,1479,24,,1070,1220,21,27,,simpson.edu,,,
497,87500,40607,"University of Missouri, Saint Louis",St. Louis,MO,Public,,17095,29219,12471,76,16715,24.5,,1065,1225,22,27,,www.umsl.edu,,,
498,82500,49900,Florida Southern College,Lakeland,FL,Private,,3055,34928,21189,51,2759,26.5,,1070,1250,24,29,,https://www.flsouthern.edu,,,
499,93800,36726,"California State University, Los Angeles",Los Angeles,CA,Public,,28531,23792,9553,46,24862,17.5,,890,1080,15,20,,www.calstatela.edu,,,
500,87500,36127,"California State University, San Bernardino",San Bernardino,CA,Public,,20692,29184,9287,57,19244,18.5,,910,1090,16,21,,www.csusb.edu,,,
501,99500,39860,"University of Texas, Arlington",Arlington,TX,Public,,46497,20343,8484,71,42966,23.5,,1060,1270,20,27,,www.uta.edu,,,
502,98852,43404,"University of Northwestern, St. Paul",Saint Paul,MN,Private,,3702,3843,17134,93,3521,24,,970,1235,21,27,,www.nwc.edu,,,
503,108400,47482,Lawrence Technological University,Southfield,MI,Private,,3069,15693,17291,60,2268,24.5,,950,1330,21,28,,https://www.ltu.edu,,,
504,79500,32385,Mississippi College,Clinton,MS,Private,,5036,37247,13649,39,3513,25.5,,1070,1290,22,29,,www.mc.edu,,,
505,85600,28094,University of North Georgia,Dahlonega,GA,Public,,20811,31268,5483,78,18782,22.5,,910,1130,20,25,,www.ung.edu,,,
506,83500,44962,Webster University,St. Louis,MO,Private,,12736,33848,17927,54,3732,23.5,,1040,1253,21,26,,www.webster.edu,,,
507,90100,33908,University of North Texas,Denton,TX,Public,,38276,26717,10638,72,35099,24,,1060,1260,21,27,,www.unt.edu,,,
508,90600,34245,Texas State University,San Marcos,TX,Public,,38666,26218,8129,73,37449,23,,1020,1200,20,26,,www.txstate.edu,,,
509,95000,43618,University of Maine,Orono,ME,Public,,11240,23310,8544,92,10304,24.5,,1050,1250,22,27,,www.umaine.edu,,,
510,88800,50547,Central College,Pella,IA,Private,,1433,27573,26389,70,1237,23.5,,950,1220,21,26,,www.central.edu,,,
511,96500,44430,Christian Brothers University,Memphis,TN,Private,,2157,22193,23780,53,1919,24,,,,21,27,,www.cbu.edu/admissions,,,
512,97500,54780,Manhattanville College,Purchase,NY,Private,,2690,21433,26213,82,1802,0,,,,,,,www.mville.edu,,,
513,90800,40873,Georgia State University,Atlanta,GA,Public,,32816,26037,10090,70,29773,22.5,,1040,1220,19,26,,www.gsu.edu,,,
514,94500,47928,William Jewell College,Liberty,MO,Private,,1082,23416,25621,48,933,25.5,,990,1240,23,28,,www.jewell.edu/home,,,
515,90000,40705,Northern Arizona University,Flagstaff,AZ,Public,,31051,26838,10044,81,29609,0,,,,,,,nau.edu,,,
516,87700,49546,Westminster College (PA),New Wilmington,PA,Private,,1289,29120,25476,72,1263,23.5,,990,1220,20,27,,www.westminster.edu,,,
517,86800,28502,Missouri State University,Springfield,MO,Public,,23697,30187,5480,84,22856,23.5,,1020,1245,21,26,,www.missouristate.edu,,,
518,89500,34522,"University of Nebraska, Omaha",Omaha,NE,Public,,15731,27341,6485,87,14610,22.5,,840,1102,19,26,,www.unomaha.edu,,,
519,80000,39434,Florida Gulf Coast University,Fort Myers,FL,Public,,15317,36906,4726,64,14965,23,,1060,1210,21,25,,www.fgcu.edu,,,
520,77100,49324,Meredith College,Raleigh,NC,Private,,1980,39228,21258,69,1789,22.5,,1000,1195,20,25,,www.meredith.edu,,,
521,82100,41347,College of Idaho,Caldwell,ID,Private,,999,35172,18125,76,954,0,,,,,,,www.collegeofidaho.edu,,,
522,86500,44150,Carroll University,Waukesha,WI,Private,,3452,30373,18551,71,3048,23.5,,975,1210,21,26,,www.carrollu.edu,,,
523,89900,43444,Old Dominion University,Norfolk,VA,Public,,24375,27022,7270,86,22386,21.5,,980,1200,18,25,,odu.edu,,,
524,97500,59392,Mount Saint Mary's University (CA),Los Angeles,CA,Private,,3226,21374,23270,81,3100,18.5,,920,1120,16,21,,www.msmc.la.edu/index.asp,,,
525,85000,39714,Andrews University,Berrien Springs,MI,Private,,3300,32718,16809,58,2250,25,,1040,1320,21,29,,www.andrews.edu,,,
526,85000,55923,Lynn University,Boca Raton,FL,Private,,3010,32720,14306,85,2245,0,,,,,,,www.lynn.edu,,,
527,82800,46004,Baldwin Wallace University,Berea,OH,Private,,3791,34550,19781,78,3577,0,,,,,,,www.bw.edu,,,
528,85600,46390,Otterbein University,Westerville,OH,Private,,2936,31230,20110,76,2608,24,,1040,1305,21,27,,www.otterbein.edu,,,
529,95400,46941,University of Massachusetts Boston,Boston,MA,Public,,16415,22927,11342,75,15848,23.5,,1040,1220,21,26,,www.umb.edu,,,
530,86600,48776,Queens University of Charlotte,Charlotte,NC,Private,,2507,30243,22152,79,1906,23.5,,1010,1198,21,26,,www.queens.edu,,,
531,90900,28278,"Minnesota State University, Mankato",Mankato,MN,Public,,15273,25747,5108,61,14712,22,,,,20,24,,www.mnsu.edu,,,
532,90500,43989,Portland State University,Portland,OR,Public,,27483,26297,6772,92,26693,22,,990,1220,19,25,,www.pdx.edu,,,
533,98896,40510,Westminster College (MO),Fulton,MO,Private,,972,3792,18133,90,767,23.5,,1015,1175,21,26,,www.westminster-mo.edu,,,
534,87100,35653,University of Northern Colorado,Greeley,CO,Public,,13399,29956,7708,89,11278,22,,1000,1240,19,25,,www.unco.edu,,,
535,89600,52341,Ripon College,Ripon,WI,Private,,813,27254,28951,68,756,23,,1040,1260,20,26,,www.ripon.edu,,,
536,94300,50104,Marietta College,Marietta,OH,Private,,1220,23579,22617,67,1145,22.5,,960,1215,20,25,,www.marietta.edu,,,
537,89900,31784,Sam Houston State University,Huntsville,TX,Public,,20938,27004,8976,74,19784,21,,1000,1140,19,23,,shsu.edu,,,
538,95300,44490,St. Mary's University (TX),San Antonio,TX,Private,,3649,23100,22029,80,2432,23,,1040,1230,20,26,,https://www.stmarytx.edu,,,
539,81700,42830,Illinois College,Jacksonville,IL,Private,,987,35329,24557,55,959,0,,,,,,,www.ic.edu,,,
540,93200,36708,Central Washington University,Ellensburg,WA,Public,,15944,24245,7096,86,12901,20.5,,910,1100,17,24,,www.cwu.edu,,,
541,85300,46710,Doane University,Crete,NE,Private,,1072,31815,20109,65,1069,22.5,,,,20,25,,www.doane.edu,,,
542,101600,54662,University of Hartford,West Hartford,CT,Private,,6561,19128,21526,81,6259,24,,1030,1230,21,27,,www.hartford.edu,,,
543,82600,54840,Hood College,Frederick,MD,Private,,2112,34839,26864,81,1214,0,,,,,,,www.hood.edu,,,
544,90900,36298,University of Colorado Colorado Springs,Colorado Springs,CO,Public,,14122,25937,5682,93,12932,23.5,,1040,1250,21,26,,www.uccs.edu,,,
545,82600,50716,St. Catherine University,St. Paul,MN,Private,,4724,34838,26729,70,3747,23,,1040,1310,20,26,,www.stkate.edu,,,
546,93000,56618,Fairleigh Dickinson University,Teaneck,NJ,Private,,7846,24334,31560,88,6168,22.5,,1002,1200,20,25,,view.fdu.edu/default.aspx?id=320,,,
547,84700,38569,Millersville University,Millersville,PA,Public,,7915,32898,5668,79,7720,0,,970,1160,,,,https://www.millersville.edu,,,
548,90400,37639,"University of Nevada, Las Vegas",Las Vegas,NV,Public,,30471,26532,4998,81,27561,21.5,,1030,1240,19,24,,www.unlv.edu,,,
549,82500,41996,Wisconsin Lutheran College,Milwaukee,WI,Private,,1198,35021,18027,90,1114,23,,1008,1278,20,26,,www.wlc.edu,,,
550,98940,54225,Randolph College,Lynchburg,VA,Private,,691,3318,26264,86,684,22,,950,1190,19,25,,www.randolphcollege.edu,,,
551,94600,39124,"CUNY, College of Staten Island",Staten Island,NY,Public,,15245,23366,7929,91,13594,0,,,,,,,www.csi.cuny.edu,,,
552,85600,46770,Vanguard University,Costa Mesa,CA,Private,,2394,31138,22396,47,2116,21,,930,1120,18,24,,www.vanguard.edu,,,
553,88100,45960,Immaculata University,Immaculata,PA,Private,,2481,28464,21301,83,1906,20,,950,1170,17,23,,www.immaculata.edu,,,
554,91000,53870,Lycoming College,Williamsport,PA,Private,,1404,25672,31000,64,1217,23,,988,1200,21,25,,www.lycoming.edu,,,86
555,92500,38503,"University of Louisiana, Lafayette",Lafayette,LA,Public,,17556,24529,7899,51,17297,23.5,,820,1180,21,26,,www.louisiana.edu,,,
556,98984,37296,Huntington University,Huntington,IN,Private,,1321,3170,17623,81,1146,22,,950,1170,20,24,,huntington.edu,,,
557,78000,54205,Hollins University,Roanoke,VA,Private,,790,38763,32492,48,674,25.5,,1110,1295,23,28,,www.hollins.edu/index.shtml,,,
558,89400,48016,Benedictine University,Lisle,IL,Private,,5100,27410,18272,62,3731,22,,916,1100,19,25,,www.ben.edu,,,
559,76600,35818,"University of North Carolina, Greensboro",Greensboro,NC,Public,,19922,40336,9017,78,18091,22.5,,1030,1180,20,25,,www.uncg.edu,,,
560,86500,52030,King's College (PA),Wilkes-Barre,PA,Private,,2469,30299,21560,71,2244,0,,,,,,,www.kings.edu,,,
561,87100,43527,Hastings College,Hastings,NE,Private,,1227,29902,19652,68,1202,22.5,,970,1150,20,25,,www.hastings.edu,,,
562,88000,33646,Georgia Southern University,Statesboro,GA,Public,,20418,28768,6648,68,20314,24,,1100,1230,22,26,,www.georgiasouthern.edu,,,
563,90100,37774,Southern Illinois University Edwardsville,Edwardsville,IL,Public,,13796,26766,6756,90,13294,23,,980,1225,20,26,,www.siue.edu,,,
564,92200,27895,Western Michigan University,Kalamazoo,MI,Public,,22869,24745,7894,82,19990,23,,960,1190,20,26,,wmich.edu,,,
565,70800,40575,Asbury University,Wilmore,KY,Private,,1990,47116,15833,70,1772,24.5,,980,1280,21,28,,www.asbury.edu,,,
566,93300,36581,Oakland University,Rochester,MI,Public,,19333,24165,9476,84,19321,24,,1010,1230,21,27,,www.oakland.edu,,,
567,94000,36736,University of New Mexico,Albuquerque,NM,Public,,26221,23687,6847,67,23124,22,,930,1170,19,25,,www.unm.edu,,,
568,92200,35750,Bloomsburg University of Pennsylvania,Bloomsburg,PA,Public,,9729,24722,5720,73,9260,21.5,,970,1150,19,24,,www.bloomu.edu,,,
569,86400,37248,Boise State University,Boise,ID,Public,,24121,30427,8258,84,23634,23.5,,940,1160,21,26,,www.boisestate.edu,,,
570,99071,54969,College of the Atlantic,Bar Harbor,ME,Private,,390,2540,37756,68,354,0,,,,,,,www.coa.edu/index.htm,,,
571,81200,29995,"University of Texas, Rio Grande Valley",Edinburg,TX,Public,,27809,35540,9398,80,27807,19.5,,950,1120,17,22,,www.utrgv.edu,,,
572,75300,49266,Maryville College,Maryville,TN,Private,,1247,40976,27778,49,1181,23.5,,930,1150,20,27,,www.maryvillecollege.edu,,,
573,85100,41054,Oral Roberts University,Tulsa,OK,Private,,3919,32623,19393,93,3781,23,,990,1210,20,26,,www.oru.edu,,,
574,101800,32563,"University of Alaska, Fairbanks",Fairbanks,AK,Public,,11866,18814,7457,77,7664,21,,1030,1270,17,25,,www.alaska.edu,,,
575,99190,54180,Randolph-Macon College,Ashland,VA,Private,,1491,0,25338,62,1453,24,,1050,1233,21,27,,www.rmc.edu,,,
576,112600,35755,Montana Tech of the University of Montana,Butte,MT,Public,,2155,14490,6405,92,1909,24.5,,1115,1300,22,27,,www.mtech.edu,,,
577,99151,65456,"St. John's College, Santa Fe",Santa Fe,NM,Private,,386,1298,31845,63,354,27.5,,1190,1350,23,32,,www.sjca.edu,,,
578,88200,43022,"Indiana University-Purdue University, Indianapolis",Indianapolis,IN,Public,,29791,28362,11347,80,25516,22.5,,995,1190,19,26,,www.iupui.edu,,,
579,99200,57627,Hartwick College,Oneonta,NY,Private,,1435,20511,29494,89,1201,23.5,,920,1100,21,26,,www.hartwick.edu,,,
580,92000,43686,Alfred University,Alfred,NY,Private,,2354,24829,20676,63,2017,23.5,,990,1210,21,26,,www.alfred.edu,,,
581,76600,39840,Oklahoma Baptist University,Shawnee,OK,Private,,2093,39973,18708,65,2056,23,,960,1150,20,26,,www.okbu.edu,,,
582,89900,52475,Alma College,Alma,MI,Private,,1484,26865,28481,64,1426,23.5,,1030,1230,20,27,,www.alma.edu,,,
583,91600,28920,Saint Cloud State University,St. Cloud,MN,Public,,15955,25192,5216,86,14975,21,,958,1188,18,24,,www.stcloudstate.edu,,,
584,85100,48674,Capital University,Columbus,OH,Private,,3384,32210,25272,69,3120,24.5,,1075,1245,22,27,,www.capital.edu,,,
585,73600,38364,Liberty University,Lynchburg,VA,Private,,75044,43965,10400,30,60084,24,,1040,1240,21,27,,www.liberty.edu,,,
586,81100,45397,Russell Sage College,Troy,NY,Private,,2525,35671,21706,56,1560,0,,,,,,,www.sage.edu/rsc,,,
587,71000,34190,Converse College,Spartanburg,SC,Private,,1478,46277,12497,71,906,23,,970,1160,20,26,,www.converse.edu,,,
588,91400,53490,Oglethorpe University,Atlanta,GA,Private,,1589,25306,27532,58,1250,25,,1110,1310,22,28,,www.oglethorpe.edu,,,
589,83600,35236,Central Michigan University,Mount Pleasant,MI,Public,,23257,33738,8624,68,20786,23.5,,1010,1200,20,27,,www.cmich.edu,,,
590,90300,35510,"University of Wisconsin, Milwaukee",Milwaukee,WI,Public,,24988,26606,5647,72,24337,22.5,,,,20,25,,www.uwm.edu,,,
591,87500,32105,Bowling Green State University,Bowling Green,OH,Public,,17357,29211,6542,73,16592,21.5,,990,1230,19,24,,www.bgsu.edu,,,
592,83400,29683,Texas Woman's University,Denton,TX,Public,,15473,34173,8426,86,12020,20,,890,1080,17,23,,www.twu.edu,,,
593,88500,42725,University of Mount Union,Alliance,OH,Private,,2257,28229,17954,81,2195,22.5,,980,1200,20,25,,www.mountunion.edu,,,
594,80200,45900,Clarke University,Dubuque,IA,Private,,1039,36620,17474,63,845,22.5,,970,1148,20,25,,www.clarke.edu,,,
595,85400,57250,Carthage College,Kenosha,WI,Private,,2940,31492,26379,68,2860,24,,1040,1300,21,27,,www.carthage.edu,,,
596,88400,53000,Centenary College of Louisiana,Shreveport,LA,Private,,588,28274,26633,62,501,25,,1030,1210,22,28,,www.centenary.edu,,,
597,87300,32716,Wichita State University,Wichita,KS,Public,,15075,29735,5793,94,12704,23.5,,1000,1275,20,27,,www.wichita.edu,,,
598,83400,37028,Aurora University,Aurora,IL,Private,,5833,34212,15909,87,4248,21,,950,1130,19,23,,www.aurora.edu,,,
599,81900,50086,Georgetown College (KY),Georgetown,KY,Private,,1767,35298,29107,67,1051,23,,,,20,26,,https://www.georgetowncollege.edu,,,
600,83100,36806,Western Kentucky University,Bowling Green,KY,Public,,21431,34459,7295,95,20257,23,,970,1180,19,27,,www.wku.edu,,,
601,91700,40763,Wayne State University,Detroit,MI,Public,,27064,25020,9682,67,20314,24.5,,1000,1210,21,28,,wayne.edu,,,
602,81500,35144,Western Colorado University,Gunnison,CO,Public,,3343,35429,6195,86,2814,22.5,,990,1200,20,25,,www.western.edu,,,
603,83500,35465,Rhode Island College,Providence,RI,Public,,8318,34032,6877,74,8171,18.5,,880,1090,15,22,,www.ric.edu,,,
604,94000,29912,Weber State University,Ogden,UT,Public,,32248,23672,4579,100,27949,0,,,,,,,www.weber.edu,,,
605,73700,46080,Salem College,Winston-Salem,NC,Private,,984,43488,25354,57,968,26,,1020,1300,23,29,,www.salem.edu,,,
606,92100,36955,"University of Texas, El Paso",El Paso,TX,Public,,25078,24814,9183,100,24386,19,,920,1130,16,22,,www.utep.edu,,,
607,99301,55168,Spring Hill College,Mobile,AL,Private,,1485,0,29825,46,1442,23.5,,1025,1185,21,26,,www.shc.edu,,,
608,79700,54155,Sweet Briar College,Sweet Briar,VA,Private,,406,37074,30802,93,323,24,,993,1180,20,28,,sbc.edu,,,
609,92500,34375,University of Toledo,Toledo,OH,Public,,20579,24628,8050,94,18077,23,,1020,1240,20,26,,www.utoledo.edu,,,
610,87800,38356,University of Montana,Missoula,MT,Public,,11865,29032,5404,93,11671,23.5,,1060,1270,21,26,,www.umt.edu,,,
611,83900,34155,Southeastern Louisiana University,Hammond,LA,Public,,16512,33358,7250,88,14285,21.5,,,,19,24,,www.selu.edu,,,
612,86400,28210,University of South Alabama,Mobile,AL,Public,,15569,30421,6927,82,12848,23,,1010,1200,20,26,,www.southalabama.edu,,,
613,79900,37870,Murray State University,Murray,KY,Public,,10012,37065,8426,87,9916,24,,980,1190,21,27,,www.murraystate.edu,,,
614,78600,43450,Anderson University (IN),Anderson,IN,Private,,1961,38695,17790,65,1877,22,,910,1110,19,25,,anderson.edu,,,
615,81700,31895,University of West Florida,Pensacola,FL,Public,,13040,35316,5222,50,12449,24.5,,1080,1240,22,27,,uwf.edu,,,
616,91600,28568,University of New Orleans,New Orleans,LA,Public,,8082,25117,8151,57,7964,22.5,,1030,1250,20,25,,www.uno.edu,,,
617,85900,32461,Indiana University of Pennsylvania,Indiana,PA,Public,,12431,30504,6772,91,12003,20,,910,1120,17,23,,ww.iup.edu,,,
618,99227,36000,North Greenville University,Tigerville,SC,Private,,2565,0,15812,61,2356,23.5,,930,1270,19,28,,www.ngu.edu,,,
619,87500,34484,University of Texas at San Antonio,San Antonio,TX,Public,,30768,29416,8177,79,27880,22.5,,1030,1210,20,25,,www.utsa.edu,,,
620,83400,47664,Millikin University,Decatur,IL,Private,,2132,34159,23312,65,2040,22.5,,1080,1260,19,26,,www.millikin.edu/Pages/default.aspx,,,
621,95500,38314,Northern Illinois University,DeKalb,IL,Public,,18045,22844,9482,53,15429,21.5,,,,19,24,,www.niu.edu/index.shtml,,,
622,88600,30825,Cleveland State University,Cleveland,OH,Public,,16371,28005,7096,90,14594,22,,990,1210,19,25,,www.csuohio.edu,,,
623,89000,36601,Humboldt State University,Arcata,CA,Public,,8602,27544,9038,82,8525,21,,960,1160,18,24,,www.humboldt.edu,,,
624,88100,47970,Monmouth College,Monmouth,IL,Private,,1205,28423,27809,67,1033,22.5,,900,1090,20,25,,www.monmouthcollege.edu,,,
625,93200,44488,St. Francis College,Brooklyn,NY,Private,,2745,24231,15533,63,2362,22,,950,1120,20,24,,www.sfc.edu,,,
626,82200,55050,Elmira College,Elmira,NY,Private,,1135,35100,26883,85,1012,0,,,,,,,www.elmira.edu,,,
627,83900,24883,University of Southern Mississippi,Hattiesburg,MS,Public,,14478,33382,9292,98,13606,22.5,,,,19,26,,home.usm.edu,,,
628,99111,39120,Lyon College,Batesville,AR,Private,,705,1886,18534,64,672,25,,1030,1234,22,28,,www.lyon.edu,,,
629,90900,42770,Southern Illinois University Carbondale,Carbondale,IL,Public,,14554,25898,10924,76,13518,23,,920,1330,20,26,,siu.edu,,,
630,83100,34046,Kent State University Kent Campus,Kent,OH,Public,,28972,34240,7306,88,27376,23,,1040,1220,21,25,,www.kent.edu,,,
631,81100,40458,Middle Tennessee State University,Murfreesboro,TN,Public,,23050,35694,8607,59,21913,22.5,,990,1210,20,25,,www.mtsu.edu,,,
632,74600,49744,Warren Wilson College,Asheville,NC,Private,,695,41858,19414,79,661,27,,1140,1285,25,29,,www.warren-wilson.edu/external_index.php,,,
633,87400,32136,Northern Kentucky University,Highland Heights,KY,Public,,14456,29520,8295,90,14141,23,,993,1210,20,26,,www.nku.edu,,,
634,85900,25835,Western Illinois University,Macomb,IL,Public,,9656,30502,9239,60,9441,20.5,,,,18,23,,www.wiu.edu,,,
635,101000,39902,"University of Alaska, Anchorage",Anchorage,AK,Public,,23824,19454,6207,83,15733,0,,,,,,,www.uaa.alaska.edu,,,
636,82600,36843,Fort Lewis College,Durango,CO,Public,,3925,34898,10850,83,3332,22.5,,1020,1210,20,25,,www.fortlewis.edu,,,
637,98852,55625,Marlboro College,Marlboro,VT,Private,,390,3901,33054,97,185,0,,,,,,,www.marlboro.edu,,,
638,87800,32506,Wright State University,Dayton,OH,Public,,15957,29086,6546,97,14332,22,,980,1270,19,25,,https://www.wright.edu,,,
639,84100,47757,Hiram College,Hiram,OH,Private,,1221,33183,23318,64,1200,21,,940,1200,18,24,,www.hiram.edu,,,
640,85800,36372,University of Memphis,Memphis,TN,Public,,21521,30974,8960,85,19875,22,,1010,1230,19,25,,www.mephis.edu,,,
641,80700,31978,Eastern Kentucky University,Richmond,KY,Public,,16612,36306,8234,87,16155,22.5,,960,1130,20,25,,www.eku.edu,,,
642,83600,37070,Fisk University,Nashville,TN,Private,,738,33570,9396,45,701,19,,940,1260,16,22,,www.fisk.edu/Home.aspx,,,
643,75600,50813,Guilford College,Greensboro,NC,Private,,2050,40819,22964,91,1680,0,,,,,,,www.guilford.edu,,,
644,76500,40640,Carson-Newman University,Jefferson City,TN,Private,,2514,40376,20126,67,1934,23,,940,1150,20,26,,www.cn.edu,,,
645,98700,48723,Morehouse College,Atlanta,GA,Private,,2219,20706,17318,74,2202,20.5,,950,1160,18,23,,https://www.morehouse.edu,,,
646,96700,34720,New Mexico State University,Las Cruces,NM,Public,,14432,22005,9582,64,13379,20.5,,910,1160,18,23,,www.nmsu.edu,,,
647,85600,32938,Indiana State University,Terre Haute,IN,Public,,13763,31331,9297,85,13626,20,,900,1110,17,23,,www.indstate.edu,,,
648,70700,48100,Emory &amp; Henry College,Emory,VA,Private,,1226,47270,27155,72,1094,22,,988,1170,19,25,,www.ehc.edu,,,
649,99028,55180,Wells College,Aurora,NY,Private,,516,2695,30207,80,488,0,,,,,,,www.wells.edu,,,
650,78100,44921,Catawba College,Salisbury,NC,Private,,1463,38741,23662,42,1336,20.5,,930,1100,18,23,,www.catawba.edu,,,